{
    "name": "Black Magic Time",
    "movingUIState": {
        "sheld": {
            "top": 488,
            "left": 1407,
            "right": 1,
            "bottom": 4,
            "margin": "unset",
            "width": 471,
            "height": 439
        },
        "floatingPrompt": {
            "width": 369,
            "height": 441
        },
        "right-nav-panel": {
            "top": 0,
            "left": 1400,
            "right": 111,
            "bottom": 446,
            "margin": "unset",
            "width": 479,
            "height": 487
        },
        "WorldInfo": {
            "top": 41,
            "left": 369,
            "right": 642,
            "bottom": 51,
            "margin": "unset",
            "width": 1034,
            "height": 858
        },
        "left-nav-panel": {
            "top": 442,
            "left": 0,
            "right": 1546,
            "bottom": 25,
            "margin": "unset",
            "width": 368,
            "height": 483
        }
    }
}