<code_scheme name="Minecolonies">
    <option name="AUTODETECT_INDENTS" value="false" />
    <option name="LINE_SEPARATOR" value="&#xA;" />
    <option name="GENERATE_FINAL_LOCALS" value="true" />
    <option name="GENERATE_FINAL_PARAMETERS" value="true" />
    <option name="VISIBILITY" value="private" />
    <option name="RIGHT_MARGIN" value="180" />
    <option name="JD_ADD_BLANK_AFTER_RETURN" value="true" />
    <option name="JD_KEEP_INVALID_TAGS" value="false" />
    <option name="JD_KEEP_EMPTY_PARAMETER" value="false" />
    <option name="JD_KEEP_EMPTY_EXCEPTION" value="false" />
    <option name="JD_KEEP_EMPTY_RETURN" value="false" />
    <option name="JD_PRESERVE_LINE_FEEDS" value="true" />
    <option name="FORMATTER_TAGS_ENABLED" value="true" />
    <option name="WRAP_COMMENTS" value="true" />
    <JavaCodeStyleSettings>
        <option name="BLANK_LINES_AROUND_INITIALIZER" value="0" />
        <option name="RECORD_COMPONENTS_WRAP" value="2"/>
        <option name="NEW_LINE_AFTER_LPAREN_IN_RECORD_HEADER" value="true"/>
    </JavaCodeStyleSettings>
    <MarkdownNavigatorCodeStyleSettings>
        <option name="RIGHT_MARGIN" value="72" />
    </MarkdownNavigatorCodeStyleSettings>
    <XML>
        <option name="XML_ATTRIBUTE_WRAP" value="4" />
        <option name="XML_LEGACY_SETTINGS_IMPORTED" value="true" />
    </XML>
    <codeStyleSettings language="JAVA">
        <option name="LINE_COMMENT_AT_FIRST_COLUMN" value="false" />
        <option name="BLOCK_COMMENT_AT_FIRST_COLUMN" value="false" />
        <option name="KEEP_BLANK_LINES_IN_DECLARATIONS" value="1" />
        <option name="KEEP_BLANK_LINES_BEFORE_RBRACE" value="0" />
        <option name="BRACE_STYLE" value="2" />
        <option name="CLASS_BRACE_STYLE" value="2" />
        <option name="METHOD_BRACE_STYLE" value="2" />
        <option name="ELSE_ON_NEW_LINE" value="true" />
        <option name="WHILE_ON_NEW_LINE" value="true" />
        <option name="CATCH_ON_NEW_LINE" value="true" />
        <option name="FINALLY_ON_NEW_LINE" value="true" />
        <option name="ALIGN_MULTILINE_PARAMETERS" value="false" />
        <option name="ALIGN_MULTILINE_FOR" value="false" />
        <option name="ALIGN_GROUP_FIELD_DECLARATIONS" value="true" />
        <option name="SPACE_BEFORE_ARRAY_INITIALIZER_LBRACE" value="true" />
        <option name="CALL_PARAMETERS_WRAP" value="5" />
        <option name="METHOD_PARAMETERS_WRAP" value="5" />
        <option name="METHOD_PARAMETERS_LPAREN_ON_NEXT_LINE" value="true" />
        <option name="RESOURCE_LIST_WRAP" value="5" />
        <option name="EXTENDS_LIST_WRAP" value="5" />
        <option name="THROWS_LIST_WRAP" value="5" />
        <option name="EXTENDS_KEYWORD_WRAP" value="1" />
        <option name="THROWS_KEYWORD_WRAP" value="1" />
        <option name="METHOD_CALL_CHAIN_WRAP" value="5" />
        <option name="BINARY_OPERATION_WRAP" value="1" />
        <option name="BINARY_OPERATION_SIGN_ON_NEXT_LINE" value="true" />
        <option name="TERNARY_OPERATION_WRAP" value="5" />
        <option name="TERNARY_OPERATION_SIGNS_ON_NEXT_LINE" value="true" />
        <option name="KEEP_SIMPLE_METHODS_IN_ONE_LINE" value="true" />
        <option name="KEEP_SIMPLE_LAMBDAS_IN_ONE_LINE" value="true" />
        <option name="KEEP_SIMPLE_CLASSES_IN_ONE_LINE" value="true" />
        <option name="FOR_STATEMENT_WRAP" value="5" />
        <option name="ARRAY_INITIALIZER_WRAP" value="1" />
        <option name="ASSIGNMENT_WRAP" value="1" />
        <option name="ASSERT_STATEMENT_WRAP" value="5" />
        <option name="ASSERT_STATEMENT_COLON_ON_NEXT_LINE" value="true" />
        <option name="IF_BRACE_FORCE" value="3" />
        <option name="DOWHILE_BRACE_FORCE" value="3" />
        <option name="WHILE_BRACE_FORCE" value="3" />
        <option name="FOR_BRACE_FORCE" value="3" />
        <option name="ENUM_CONSTANTS_WRAP" value="2" />
        <indentOptions>
            <option name="CONTINUATION_INDENT_SIZE" value="4"/>
            <option name="USE_RELATIVE_INDENTS" value="false"/>
        </indentOptions>
        <arrangement>
            <groups>
                <group>
                    <type>GETTERS_AND_SETTERS</type>
                    <order>KEEP</order>
                </group>
                <group>
                    <type>OVERRIDDEN_METHODS</type>
                    <order>KEEP</order>
                </group>
                <group>
                    <type>DEPENDENT_METHODS</type>
                    <order>BREADTH_FIRST</order>
                </group>
            </groups>
            <rules>
                <section>
                    <rule>
                        <match>
                            <AND>
                                <FIELD>true</FIELD>
                                <FINAL>true</FINAL>
                                <PUBLIC>true</PUBLIC>
                                <STATIC>true</STATIC>
                            </AND>
                        </match>
                    </rule>
                </section>
                <section>
                    <rule>
                        <match>
                            <AND>
                                <FIELD>true</FIELD>
                                <FINAL>true</FINAL>
                                <PROTECTED>true</PROTECTED>
                                <STATIC>true</STATIC>
                            </AND>
                        </match>
                    </rule>
                </section>
                <section>
                    <rule>
                        <match>
                            <AND>
                                <FIELD>true</FIELD>
                                <FINAL>true</FINAL>
                                <PACKAGE_PRIVATE>true</PACKAGE_PRIVATE>
                                <STATIC>true</STATIC>
                            </AND>
                        </match>
                    </rule>
                </section>
                <section>
                    <rule>
                        <match>
                            <AND>
                                <FIELD>true</FIELD>
                                <FINAL>true</FINAL>
                                <PRIVATE>true</PRIVATE>
                                <STATIC>true</STATIC>
                            </AND>
                        </match>
                    </rule>
                </section>
                <section>
                    <rule>
                        <match>
                            <AND>
                                <FIELD>true</FIELD>
                                <PUBLIC>true</PUBLIC>
                                <STATIC>true</STATIC>
                            </AND>
                        </match>
                    </rule>
                </section>
                <section>
                    <rule>
                        <match>
                            <AND>
                                <FIELD>true</FIELD>
                                <PROTECTED>true</PROTECTED>
                                <STATIC>true</STATIC>
                            </AND>
                        </match>
                    </rule>
                </section>
                <section>
                    <rule>
                        <match>
                            <AND>
                                <FIELD>true</FIELD>
                                <PACKAGE_PRIVATE>true</PACKAGE_PRIVATE>
                                <STATIC>true</STATIC>
                            </AND>
                        </match>
                    </rule>
                </section>
                <section>
                    <rule>
                        <match>
                            <AND>
                                <FIELD>true</FIELD>
                                <PRIVATE>true</PRIVATE>
                                <STATIC>true</STATIC>
                            </AND>
                        </match>
                    </rule>
                </section>
                <section>
                    <rule>
                        <match>
                            <AND>
                                <INITIALIZER_BLOCK>true</INITIALIZER_BLOCK>
                                <STATIC>true</STATIC>
                            </AND>
                        </match>
                    </rule>
                </section>
                <section>
                    <rule>
                        <match>
                            <AND>
                                <FIELD>true</FIELD>
                                <FINAL>true</FINAL>
                                <PUBLIC>true</PUBLIC>
                            </AND>
                        </match>
                    </rule>
                </section>
                <section>
                    <rule>
                        <match>
                            <AND>
                                <CLASS>true</CLASS>
                                <FINAL>true</FINAL>
                                <PUBLIC>true</PUBLIC>
                            </AND>
                        </match>
                    </rule>
                </section>
                <section>
                    <rule>
                        <match>
                            <AND>
                                <FIELD>true</FIELD>
                                <FINAL>true</FINAL>
                                <PROTECTED>true</PROTECTED>
                            </AND>
                        </match>
                    </rule>
                </section>
                <section>
                    <rule>
                        <match>
                            <AND>
                                <FIELD>true</FIELD>
                                <FINAL>true</FINAL>
                                <PACKAGE_PRIVATE>true</PACKAGE_PRIVATE>
                            </AND>
                        </match>
                    </rule>
                </section>
                <section>
                    <rule>
                        <match>
                            <AND>
                                <FIELD>true</FIELD>
                                <FINAL>true</FINAL>
                                <PRIVATE>true</PRIVATE>
                            </AND>
                        </match>
                    </rule>
                </section>
                <section>
                    <rule>
                        <match>
                            <AND>
                                <FIELD>true</FIELD>
                                <PUBLIC>true</PUBLIC>
                            </AND>
                        </match>
                    </rule>
                </section>
                <section>
                    <rule>
                        <match>
                            <AND>
                                <FIELD>true</FIELD>
                                <PROTECTED>true</PROTECTED>
                            </AND>
                        </match>
                    </rule>
                </section>
                <section>
                    <rule>
                        <match>
                            <AND>
                                <FIELD>true</FIELD>
                                <PACKAGE_PRIVATE>true</PACKAGE_PRIVATE>
                            </AND>
                        </match>
                    </rule>
                </section>
                <section>
                    <rule>
                        <match>
                            <AND>
                                <FIELD>true</FIELD>
                                <PRIVATE>true</PRIVATE>
                            </AND>
                        </match>
                    </rule>
                </section>
                <section>
                    <rule>
                        <match>
                            <FIELD>true</FIELD>
                        </match>
                    </rule>
                </section>
                <section>
                    <rule>
                        <match>
                            <INITIALIZER_BLOCK>true</INITIALIZER_BLOCK>
                        </match>
                    </rule>
                </section>
                <section>
                    <rule>
                        <match>
                            <CONSTRUCTOR>true</CONSTRUCTOR>
                        </match>
                    </rule>
                </section>
                <section>
                    <rule>
                        <match>
                            <AND>
                                <METHOD>true</METHOD>
                                <STATIC>true</STATIC>
                            </AND>
                        </match>
                    </rule>
                </section>
                <section>
                    <rule>
                        <match>
                            <METHOD>true</METHOD>
                        </match>
                    </rule>
                </section>
                <section>
                    <rule>
                        <match>
                            <ENUM>true</ENUM>
                        </match>
                    </rule>
                </section>
                <section>
                    <rule>
                        <match>
                            <INTERFACE>true</INTERFACE>
                        </match>
                    </rule>
                </section>
                <section>
                    <rule>
                        <match>
                            <AND>
                                <CLASS>true</CLASS>
                                <STATIC>true</STATIC>
                            </AND>
                        </match>
                    </rule>
                </section>
                <section>
                    <rule>
                        <match>
                            <CLASS>true</CLASS>
                        </match>
                    </rule>
                </section>
            </rules>
        </arrangement>
    </codeStyleSettings>
    <codeStyleSettings language="JSON">
        <option name="KEEP_BLANK_LINES_IN_CODE" value="1" />
    </codeStyleSettings>
</code_scheme>