{
  "type": "minecraft:block",
  "pools": [
    {
      "bonus_rolls": 0.0,
      "conditions": [
        {
          "condition": "minecraft:survives_explosion"
        }
      ],
      "entries": [
        {
          "type": "minecraft:item",
          "functions": [
            {
              "function": "minecraft:copy_name",
              "source": "block_entity"
            }
          ],
          "name": "minecolonies:blockhutdyer"
        }
      ],
      "rolls": 1.0
    }
  ],
  "random_sequence": "minecolonies:blocks/blockhutdyer"
}