{
  "type": "minecraft:block",
  "pools": [
    {
      "bonus_rolls": 0.0,
      "entries": [
        {
          "type": "minecraft:alternatives",
          "children": [
            {
              "type": "minecraft:item",
              "conditions": [
                {
                  "block": "minecolonies:eggplant",
                  "condition": "minecraft:block_state_property",
                  "properties": {
                    "age": "6"
                  }
                }
              ],
              "functions": [
                {
                  "enchantment": "minecraft:fortune",
                  "formula": "minecraft:binomial_with_bonus_count",
                  "function": "minecraft:apply_bonus",
                  "parameters": {
                    "extra": 3,
                    "probability": 0.5714286
                  }
                }
              ],
              "name": "minecolonies:eggplant"
            },
            {
              "type": "minecraft:item",
              "name": "minecolonies:eggplant"
            }
          ]
        }
      ],
      "rolls": 1.0
    }
  ],
  "random_sequence": "minecolonies:blocks/eggplant"
}