{"docs/modules/python/python.md": "da5d692f477f4a213d77474f02850026", "docs/modules/usage/upgrade-guide.md": "57546e6cb2298a222826647369cd1288", "docs/modules/usage/getting-started.mdx": "489292034da18f637c73dcf6aa999156", "docs/modules/usage/prompting-best-practices.md": "58bc461630f595135ec20cc7fc00b6d2", "docs/modules/usage/agents.md": "9227679a22d810d6aab574a295bd273e", "docs/modules/usage/about.md": "22d3e9bfeb1aa57a73053ef18c5eb2dd", "docs/modules/usage/feedback.md": "c2d135cb1368f39a4d34d7ad0e3eeafd", "docs/modules/usage/installation.mdx": "c3a1892b5803d78b1d9095c482b267d7", "docs/modules/usage/troubleshooting/troubleshooting.md": "3d3a18c3c17e02598de2e9730e5d6523", "docs/modules/usage/troubleshooting/windows.md": "b88f2b5ad5285dd134352843ab0e16f8", "docs/modules/usage/how-to/gui-mode.md": "095031d6bc1654beebde595df6f61bf9", "docs/modules/usage/how-to/evaluation-harness.md": "e290a5cc9962249d2240528d0ff8fcd0", "docs/modules/usage/how-to/openshift-example.md": "2d361207da9df53a87497f074cc262f3", "docs/modules/usage/how-to/github-action.md": "cb3dead288df263cae3e9deb2f31dfc5", "docs/modules/usage/how-to/headless-mode.md": "ef39f9b03194940ea5a218ff4a15d5bb", "docs/modules/usage/how-to/custom-sandbox-guide.md": "859b3a39592d6b210e09fb8b9841dda3", "docs/modules/usage/how-to/debugging.md": "d846a3eb9384ab24f3e1b3e8161b5f1a", "docs/modules/usage/how-to/cli-mode.md": "5f09243a9bf9f812cab2dd4f713158b1", "docs/modules/usage/architecture/backend.mdx": "3aa3d71833438063a344453e64e7029b", "docs/modules/usage/architecture/runtime.md": "83b213c35bd3b0d284dd236ce0a7c2d2", "docs/modules/usage/llms/llms.md": "a5484759945c18ebd827438dec3ad864", "docs/modules/usage/llms/local-llms.md": "e7ff078b10cad5abe69653aa352f6d14", "docs/modules/usage/llms/groq.md": "b0c6c5fc0955afa46628b1cf3bb8a363", "docs/modules/usage/llms/google-llms.md": "0ff0f62503db41f2a3329db218c86b3f", "docs/modules/usage/llms/openai-llms.md": "46c05cd1f12db498d352e23d7b06beba", "docs/modules/usage/llms/azure-llms.md": "af4b524a90a0c29e1e0981a1a4234fe8", "docs/modules/usage/llms/openrouter.md": "5027074af745c63491edf7fe3f5a242d"}
