{
  "max-occurrences": 1,
  "name": "minecolonies.quests.general.cookies",
  "objectives": [
    {
      "type": "minecolonies:dialogue",
      "options": [
        {
          "answer": "minecolonies.quests.general.cookies.obj0.answer0",
          "result": {
            "type": "minecolonies:dialogue",
            "options": [
              {
                "answer": "minecolonies.quests.general.cookies.obj0.answer0.reply.answer0",
                "result": {
                  "type": "minecolonies:advanceobjective",
                  "go-to": 1
                }
              },
              {
                "answer": "minecolonies.quests.general.cookies.obj0.answer0.reply.answer1",
                "result": {
                  "type": "minecolonies:advanceobjective",
                  "go-to": -1
                }
              }
            ],
            "text": "minecolonies.quests.general.cookies.obj0.answer0.reply"
          }
        },
        {
          "answer": "minecolonies.quests.general.cookies.obj0.answer1",
          "result": {
            "type": "minecolonies:cancel"
          }
        },
        {
          "answer": "minecolonies.quests.general.cookies.obj0.answer2",
          "result": {
            "type": "minecolonies:advanceobjective",
            "go-to": -1
          }
        }
      ],
      "target": 0,
      "text": "minecolonies.quests.general.cookies.obj0"
    },
    {
      "type": "minecolonies:delivery",
      "details": {
        "item": "minecraft:wheat",
        "next-objective": 2,
        "qty": 2,
        "target": 0
      }
    },
    {
      "type": "minecolonies:delivery",
      "details": {
        "item": "minecraft:cocoa_beans",
        "next-objective": 3,
        "qty": 1,
        "target": 0
      }
    },
    {
      "type": "minecolonies:dialogue",
      "options": [
        {
          "answer": "minecolonies.quests.general.cookies.obj3.answer0",
          "result": {
            "type": "minecolonies:advanceobjective",
            "go-to": 4
          }
        }
      ],
      "target": 0,
      "text": "minecolonies.quests.general.cookies.obj3"
    },
    {
      "type": "minecolonies:dialogue",
      "options": [
        {
          "answer": "minecolonies.quests.general.cookies.obj4.answer0",
          "result": {
            "type": "minecolonies:advanceobjective",
            "go-to": 5
          }
        }
      ],
      "target": 0,
      "text": "minecolonies.quests.general.cookies.obj4",
      "unlocks-rewards": [
        0
      ]
    },
    {
      "type": "minecolonies:dialogue",
      "options": [
        {
          "answer": "minecolonies.quests.general.cookies.obj5.answer0",
          "result": {
            "type": "minecolonies:dialogue",
            "options": [
              {
                "answer": "minecolonies.quests.general.cookies.obj5.answer0.reply.answer0",
                "result": {
                  "type": "minecolonies:advanceobjective",
                  "go-to": 10
                }
              }
            ],
            "text": "minecolonies.quests.general.cookies.obj5.answer0.reply"
          }
        },
        {
          "answer": "minecolonies.quests.general.cookies.obj5.answer1",
          "result": {
            "type": "minecolonies:advanceobjective",
            "go-to": 6
          }
        }
      ],
      "target": 1,
      "text": "minecolonies.quests.general.cookies.obj5"
    },
    {
      "type": "minecolonies:delivery",
      "details": {
        "item": "minecraft:cookie",
        "next-objective": 7,
        "qty": 8,
        "target": 1
      }
    },
    {
      "type": "minecolonies:dialogue",
      "options": [
        {
          "answer": "minecolonies.quests.general.cookies.obj7.answer0",
          "result": {
            "type": "minecolonies:dialogue",
            "options": [
              {
                "answer": "minecolonies.quests.general.cookies.obj7.answer0.reply.answer0",
                "result": {
                  "type": "minecolonies:advanceobjective",
                  "go-to": 10
                }
              }
            ],
            "text": "minecolonies.quests.general.cookies.obj7.answer0.reply"
          }
        },
        {
          "answer": "minecolonies.quests.general.cookies.obj7.answer1",
          "result": {
            "type": "minecolonies:dialogue",
            "options": [
              {
                "answer": "minecolonies.quests.general.cookies.obj7.answer1.reply.answer0",
                "result": {
                  "type": "minecolonies:advanceobjective",
                  "go-to": 10
                }
              }
            ],
            "text": "minecolonies.quests.general.cookies.obj7.answer1.reply"
          }
        },
        {
          "answer": "minecolonies.quests.general.cookies.obj7.answer2",
          "result": {
            "type": "minecolonies:dialogue",
            "options": [
              {
                "answer": "minecolonies.quests.general.cookies.obj7.answer2.reply.answer0",
                "result": {
                  "type": "minecolonies:advanceobjective",
                  "go-to": 10
                }
              }
            ],
            "text": "minecolonies.quests.general.cookies.obj7.answer2.reply"
          }
        }
      ],
      "target": 1,
      "text": "minecolonies.quests.general.cookies.obj7",
      "unlocks-rewards": [
        1,
        2,
        3
      ]
    }
  ],
  "parents": [],
  "rewards": [
    {
      "type": "minecolonies:item",
      "details": {
        "item": "minecraft:cookie",
        "qty": 8
      }
    },
    {
      "type": "minecolonies:item",
      "details": {
        "item": "minecraft:emerald",
        "qty": 1
      }
    },
    {
      "type": "minecolonies:happiness",
      "details": {
        "days": 7,
        "qty": 1,
        "target": 1
      }
    },
    {
      "type": "minecolonies:happiness",
      "details": {
        "days": 7,
        "qty": 1,
        "target": 0
      }
    }
  ],
  "triggers": [
    {
      "type": "minecolonies:random",
      "rarity": 2500000
    },
    {
      "type": "minecolonies:state",
      "state": {
        "match": {
          "type": "minecolonies:baker",
          "level": 2
        },
        "path": "buildingManager/buildings"
      }
    },
    {
      "type": "minecolonies:citizen",
      "state": {
        "match": {
          "job": {
            "type": "minecolonies:baker"
          }
        }
      }
    },
    {
      "type": "minecolonies:citizen",
      "state": {
        "match": {
          "child": true
        }
      }
    }
  ]
}