{
  "max-occurrences": 2,
  "name": "minecolonies.quests.general.thezombiemenace1",
  "objectives": [
    {
      "type": "minecolonies:dialogue",
      "options": [
        {
          "answer": "minecolonies.quests.general.thezombiemenace1.obj0.answer0",
          "result": {
            "type": "minecolonies:dialogue",
            "options": [
              {
                "answer": "minecolonies.quests.general.thezombiemenace1.obj0.answer0.reply.answer0",
                "result": {
                  "type": "minecolonies:advanceobjective",
                  "go-to": 1
                }
              }
            ],
            "text": "minecolonies.quests.general.thezombiemenace1.obj0.answer0.reply"
          }
        },
        {
          "answer": "minecolonies.quests.general.thezombiemenace1.obj0.answer1",
          "result": {
            "type": "minecolonies:cancel"
          }
        }
      ],
      "target": 0,
      "text": "minecolonies.quests.general.thezombiemenace1.obj0"
    },
    {
      "type": "minecolonies:killentity",
      "details": {
        "entity-type": "minecraft:zombie",
        "next-objective": 2,
        "qty": 2,
        "target": 0
      }
    },
    {
      "type": "minecolonies:dialogue",
      "options": [
        {
          "answer": "minecolonies.quests.general.thezombiemenace1.obj2.answer0",
          "result": {
            "type": "minecolonies:advanceobjective",
            "go-to": 3
          }
        }
      ],
      "target": 0,
      "text": "minecolonies.quests.general.thezombiemenace1.obj2",
      "unlocks-rewards": [
        0,
        1
      ]
    }
  ],
  "parents": [],
  "rewards": [
    {
      "type": "minecolonies:item",
      "details": {
        "item": "minecraft:iron_ingot",
        "qty": 2
      }
    },
    {
      "type": "minecolonies:happiness",
      "details": {
        "days": 7,
        "qty": 1,
        "target": 0
      }
    }
  ],
  "triggers": [
    {
      "type": "minecolonies:random",
      "rarity": 2500000
    },
    {
      "type": "minecolonies:state",
      "state": {
        "match": {
          "type": "minecolonies:guardtower",
          "level": 2
        },
        "path": "buildingManager/buildings"
      }
    },
    {
      "type": "minecolonies:citizen",
      "state": {
        "match": {
          "job": {
            "type": "minecolonies:knight"
          }
        }
      }
    }
  ]
}