{
  "parent": "minecraft:recipes/root",
  "criteria": {
    "has_items": {
      "conditions": {
        "items": [
          {
            "items": [
              "structurize:sceptergold"
            ]
          },
          {
            "items": [
              "minecraft:wheat"
            ]
          }
        ]
      },
      "trigger": "minecraft:inventory_changed"
    },
    "has_the_recipe": {
      "conditions": {
        "recipe": "minecolonies:blockhutbaker"
      },
      "trigger": "minecraft:recipe_unlocked"
    }
  },
  "requirements": [
    [
      "has_items",
      "has_the_recipe"
    ]
  ],
  "rewards": {
    "recipes": [
      "minecolonies:blockhutbaker"
    ]
  },
  "sends_telemetry_event": false
}