{
  "parent": "minecraft:recipes/root",
  "criteria": {
    "has_compost": {
      "conditions": {
        "items": [
          {
            "items": [
              "minecolonies:compost"
            ]
          }
        ]
      },
      "trigger": "minecraft:inventory_changed"
    },
    "has_the_recipe": {
      "conditions": {
        "recipe": "minecolonies:composted_dirt"
      },
      "trigger": "minecraft:recipe_unlocked"
    }
  },
  "requirements": [
    [
      "has_compost",
      "has_the_recipe"
    ]
  ],
  "rewards": {
    "recipes": [
      "minecolonies:composted_dirt"
    ]
  },
  "sends_telemetry_event": false
}