{
  "parent": "minecraft:recipes/root",
  "criteria": {
    "has_fern": {
      "conditions": {
        "items": [
          {
            "items": [
              "minecraft:fern"
            ]
          }
        ]
      },
      "trigger": "minecraft:inventory_changed"
    },
    "has_the_recipe": {
      "conditions": {
        "recipe": "minecolonies:doublefern"
      },
      "trigger": "minecraft:recipe_unlocked"
    }
  },
  "requirements": [
    [
      "has_fern",
      "has_the_recipe"
    ]
  ],
  "rewards": {
    "recipes": [
      "minecolonies:doublefern"
    ]
  },
  "sends_telemetry_event": false
}