{
  "parent": "minecraft:recipes/root",
  "criteria": {
    "has_scimitar": {
      "conditions": {
        "items": [
          {
            "items": [
              "minecolonies:iron_scimitar"
            ]
          }
        ]
      },
      "trigger": "minecraft:inventory_changed"
    },
    "has_the_recipe": {
      "conditions": {
        "recipe": "minecolonies:iron_nugget_from_iron_scimitar_blasting"
      },
      "trigger": "minecraft:recipe_unlocked"
    }
  },
  "requirements": [
    [
      "has_scimitar",
      "has_the_recipe"
    ]
  ],
  "rewards": {
    "recipes": [
      "minecolonies:iron_nugget_from_iron_scimitar_blasting"
    ]
  },
  "sends_telemetry_event": false
}