{
  "parent": "minecolonies:production/build_smeltery_3",
  "criteria": {
    "smeltery": {
      "conditions": {
        "hut_name": "smeltery",
        "level": 5
      },
      "trigger": "minecolonies:complete_build_request"
    }
  },
  "display": {
    "announce_to_chat": true,
    "description": {
      "translate": "advancements.minecolonies.build.smeltery_5.description"
    },
    "frame": "task",
    "hidden": false,
    "icon": {
      "item": "minecolonies:blockhutsmeltery"
    },
    "show_toast": true,
    "title": {
      "translate": "advancements.minecolonies.build.smeltery_5.title"
    }
  },
  "requirements": [
    [
      "smeltery"
    ]
  ],
  "sends_telemetry_event": true
}