{
  "parent": "minecolonies:production/build_warehouse",
  "criteria": {
    "delivery_person": {
      "conditions": {
        "hut_name": "deliveryman",
        "level": 1
      },
      "trigger": "minecolonies:complete_build_request"
    }
  },
  "display": {
    "announce_to_chat": true,
    "description": {
      "translate": "advancements.minecolonies.build.delivery_person.description"
    },
    "frame": "task",
    "hidden": false,
    "icon": {
      "item": "minecolonies:blockhutdeliveryman"
    },
    "show_toast": true,
    "title": {
      "translate": "advancements.minecolonies.build.delivery_person.title"
    }
  },
  "requirements": [
    [
      "delivery_person"
    ]
  ],
  "sends_telemetry_event": true
}