{
  "parent": "minecolonies:production/build_farmer",
  "criteria": {
    "composter": {
      "conditions": {
        "hut_name": "composter",
        "level": 1
      },
      "trigger": "minecolonies:complete_build_request"
    }
  },
  "display": {
    "announce_to_chat": true,
    "description": {
      "translate": "advancements.minecolonies.build.composter.description"
    },
    "frame": "task",
    "hidden": false,
    "icon": {
      "item": "minecolonies:blockhutcomposter"
    },
    "show_toast": true,
    "title": {
      "translate": "advancements.minecolonies.build.composter.title"
    }
  },
  "requirements": [
    [
      "composter"
    ]
  ],
  "sends_telemetry_event": true
}