{
  "parent": "minecolonies:production/root",
  "criteria": {
    "library": {
      "conditions": {
        "hut_name": "library",
        "level": 1
      },
      "trigger": "minecolonies:complete_build_request"
    }
  },
  "display": {
    "announce_to_chat": true,
    "description": {
      "translate": "advancements.minecolonies.build.library.description"
    },
    "frame": "task",
    "hidden": false,
    "icon": {
      "item": "minecolonies:blockhutlibrary"
    },
    "show_toast": true,
    "title": {
      "translate": "advancements.minecolonies.build.library.title"
    }
  },
  "requirements": [
    [
      "library"
    ]
  ],
  "sends_telemetry_event": true
}