{
  "parent": "minecolonies:production/root",
  "criteria": {
    "miner": {
      "conditions": {
        "hut_name": "miner",
        "level": 1
      },
      "trigger": "minecolonies:complete_build_request"
    }
  },
  "display": {
    "announce_to_chat": true,
    "description": {
      "translate": "advancements.minecolonies.build.miner.description"
    },
    "frame": "task",
    "hidden": false,
    "icon": {
      "item": "minecolonies:blockhutminer"
    },
    "show_toast": true,
    "title": {
      "translate": "advancements.minecolonies.build.miner.title"
    }
  },
  "requirements": [
    [
      "miner"
    ]
  ],
  "sends_telemetry_event": true
}