{
  "parent": "minecolonies:production/build_delivery_person",
  "criteria": {
    "sawmill": {
      "conditions": {
        "hut_name": "sawmill",
        "level": 1
      },
      "trigger": "minecolonies:complete_build_request"
    }
  },
  "display": {
    "announce_to_chat": true,
    "description": {
      "translate": "advancements.minecolonies.build.sawmill.description"
    },
    "frame": "task",
    "hidden": false,
    "icon": {
      "item": "minecolonies:blockhutsawmill"
    },
    "show_toast": true,
    "title": {
      "translate": "advancements.minecolonies.build.sawmill.title"
    }
  },
  "requirements": [
    [
      "sawmill"
    ]
  ],
  "sends_telemetry_event": true
}