{
  "parent": "minecolonies:production/build_sawmill",
  "criteria": {
    "sifter": {
      "conditions": {
        "hut_name": "sifter",
        "level": 1
      },
      "trigger": "minecolonies:complete_build_request"
    }
  },
  "display": {
    "announce_to_chat": true,
    "description": {
      "translate": "advancements.minecolonies.build.sifter.description"
    },
    "frame": "task",
    "hidden": false,
    "icon": {
      "item": "minecolonies:blockhutsifter"
    },
    "show_toast": true,
    "title": {
      "translate": "advancements.minecolonies.build.sifter.title"
    }
  },
  "requirements": [
    [
      "sifter"
    ]
  ],
  "sends_telemetry_event": true
}