{
  "parent": "minecolonies:production/build_delivery_person",
  "criteria": {
    "postbox": {
      "conditions": {
        "location": [
          {
            "block": "minecolonies:blockpostbox",
            "condition": "minecraft:block_state_property"
          }
        ]
      },
      "trigger": "minecraft:placed_block"
    },
    "stash": {
      "conditions": {
        "location": [
          {
            "block": "minecolonies:blockstash",
            "condition": "minecraft:block_state_property"
          }
        ]
      },
      "trigger": "minecraft:placed_block"
    }
  },
  "display": {
    "announce_to_chat": true,
    "description": {
      "translate": "advancements.minecolonies.post_and_stash.description"
    },
    "frame": "task",
    "hidden": false,
    "icon": {
      "item": "minecolonies:blockpostbox"
    },
    "show_toast": true,
    "title": {
      "translate": "advancements.minecolonies.post_and_stash.title"
    }
  },
  "requirements": [
    [
      "postbox"
    ],
    [
      "stash"
    ]
  ],
  "sends_telemetry_event": true
}