{
  "criteria": {
    "builders_hut": {
      "conditions": {
        "hut_name": "builder",
        "level": 1
      },
      "trigger": "minecolonies:complete_build_request"
    }
  },
  "display": {
    "announce_to_chat": false,
    "background": "structurize:textures/block/cactus/cactus_planks.png",
    "description": {
      "translate": "advancements.minecolonies.root.production.description"
    },
    "frame": "task",
    "hidden": false,
    "icon": {
      "item": "minecolonies:blockhutbuilder"
    },
    "show_toast": false,
    "title": {
      "translate": "advancements.minecolonies.root.production.title"
    }
  },
  "requirements": [
    [
      "builders_hut"
    ]
  ],
  "sends_telemetry_event": true
}