{
  "parent": "minecraft:recipes/root",
  "criteria": {
    "has_dough": {
      "conditions": {
        "items": [
          {
            "items": [
              "minecolonies:bread_dough"
            ]
          }
        ]
      },
      "trigger": "minecraft:inventory_changed"
    },
    "has_the_recipe": {
      "conditions": {
        "recipe": "minecolonies:baked_bread_campfire_cooking"
      },
      "trigger": "minecraft:recipe_unlocked"
    }
  },
  "requirements": [
    [
      "has_dough",
      "has_the_recipe"
    ]
  ],
  "rewards": {
    "recipes": [
      "minecolonies:baked_bread_campfire_cooking"
    ]
  },
  "sends_telemetry_event": false
}