{
  "type": "recipe",
  "additional-output": [
    {
      "item": "minecolonies:sifter_mesh_flint"
    },
    {
      "item": "minecraft:iron_nugget"
    },
    {
      "item": "minecraft:flint"
    },
    {
      "item": "minecraft:coal"
    },
    {
      "item": "minecraft:redstone"
    }
  ],
  "crafter": "sifter_custom",
  "inputs": [
    {
      "item": "minecraft:gravel"
    },
    {
      "item": "minecolonies:sifter_mesh_flint"
    }
  ],
  "intermediate": "minecraft:air",
  "loot-table": "minecolonies:recipes/flint/gravel",
  "min-building-level": 3
}