{
  "type": "recipe",
  "additional-output": [
    {
      "item": "minecolonies:sifter_mesh_flint"
    },
    {
      "item": "minecraft:cactus"
    },
    {
      "item": "minecraft:sugar_cane"
    },
    {
      "item": "minecraft:gold_nugget"
    }
  ],
  "crafter": "sifter_custom",
  "inputs": [
    {
      "item": "minecraft:sand"
    },
    {
      "item": "minecolonies:sifter_mesh_flint"
    }
  ],
  "intermediate": "minecraft:air",
  "loot-table": "minecolonies:recipes/flint/sand",
  "min-building-level": 3
}