{
  "parent": "minecolonies:minecolonies/build_mysticalsite",
  "criteria": {
    "mysticalsite": {
      "conditions": {
        "hut_name": "mysticalsite",
        "level": 5
      },
      "trigger": "minecolonies:complete_build_request"
    }
  },
  "display": {
    "announce_to_chat": true,
    "description": {
      "translate": "advancements.minecolonies.build.mysticalsite_5.description"
    },
    "frame": "challenge",
    "hidden": false,
    "icon": {
      "item": "minecolonies:blockhutmysticalsite"
    },
    "show_toast": true,
    "title": {
      "translate": "advancements.minecolonies.build.mysticalsite_5.title"
    }
  },
  "requirements": [
    [
      "mysticalsite"
    ]
  ],
  "sends_telemetry_event": true
}