{
  "parent": "minecolonies:minecolonies/build_town_hall",
  "criteria": {
    "town_hall": {
      "conditions": {
        "hut_name": "townhall",
        "level": 5
      },
      "trigger": "minecolonies:complete_build_request"
    }
  },
  "display": {
    "announce_to_chat": true,
    "description": {
      "translate": "advancements.minecolonies.complete_build_request_5_town_hall.description"
    },
    "frame": "challenge",
    "hidden": false,
    "icon": {
      "item": "minecolonies:blockhuttownhall"
    },
    "show_toast": true,
    "title": {
      "translate": "advancements.minecolonies.complete_build_request_5_town_hall.title"
    }
  },
  "requirements": [
    [
      "town_hall"
    ]
  ],
  "sends_telemetry_event": true
}