{
  "parent": "minecolonies:production/build_sawmill",
  "criteria": {
    "add_recipe_acacia_door": {
      "conditions": {
        "crafting_size": 3,
        "items": [
          {
            "items": [
              "minecraft:acacia_door"
            ]
          }
        ]
      },
      "trigger": "minecolonies:building_add_recipe"
    },
    "add_recipe_birch_door": {
      "conditions": {
        "crafting_size": 3,
        "items": [
          {
            "items": [
              "minecraft:birch_door"
            ]
          }
        ]
      },
      "trigger": "minecolonies:building_add_recipe"
    },
    "add_recipe_dark_oak_door": {
      "conditions": {
        "crafting_size": 3,
        "items": [
          {
            "items": [
              "minecraft:dark_oak_door"
            ]
          }
        ]
      },
      "trigger": "minecolonies:building_add_recipe"
    },
    "add_recipe_jungle_door": {
      "conditions": {
        "crafting_size": 3,
        "items": [
          {
            "items": [
              "minecraft:jungle_door"
            ]
          }
        ]
      },
      "trigger": "minecolonies:building_add_recipe"
    },
    "add_recipe_oak_door": {
      "conditions": {
        "crafting_size": 3,
        "items": [
          {
            "items": [
              "minecraft:oak_door"
            ]
          }
        ]
      },
      "trigger": "minecolonies:building_add_recipe"
    },
    "add_recipe_spruce_door": {
      "conditions": {
        "crafting_size": 3,
        "items": [
          {
            "items": [
              "minecraft:spruce_door"
            ]
          }
        ]
      },
      "trigger": "minecolonies:building_add_recipe"
    }
  },
  "display": {
    "announce_to_chat": true,
    "description": {
      "translate": "advancements.minecolonies.building_add_recipe_door.description"
    },
    "frame": "task",
    "hidden": false,
    "icon": {
      "item": "minecraft:oak_door"
    },
    "show_toast": true,
    "title": {
      "translate": "advancements.minecolonies.building_add_recipe_door.title"
    }
  },
  "requirements": [
    [
      "add_recipe_oak_door"
    ],
    [
      "add_recipe_birch_door"
    ],
    [
      "add_recipe_dark_oak_door"
    ],
    [
      "add_recipe_spruce_door"
    ],
    [
      "add_recipe_jungle_door"
    ],
    [
      "add_recipe_acacia_door"
    ]
  ],
  "sends_telemetry_event": true
}