{
  "parent": "minecolonies:minecolonies/build_builder",
  "criteria": {
    "tavern": {
      "conditions": {
        "hut_name": "tavern",
        "level": 1
      },
      "trigger": "minecolonies:complete_build_request"
    }
  },
  "display": {
    "announce_to_chat": true,
    "description": {
      "translate": "advancements.minecolonies.build.tavern.description"
    },
    "frame": "task",
    "hidden": false,
    "icon": {
      "item": "minecolonies:blockhuttavern"
    },
    "show_toast": true,
    "title": {
      "translate": "advancements.minecolonies.build.tavern.title"
    }
  },
  "requirements": [
    [
      "tavern"
    ]
  ],
  "sends_telemetry_event": true
}