{
  "parent": "minecolonies:minecolonies/start_builder",
  "criteria": {
    "add_recipe_torch": {
      "conditions": {
        "crafting_size": 2,
        "items": [
          {
            "items": [
              "minecraft:torch"
            ]
          }
        ]
      },
      "trigger": "minecolonies:building_add_recipe"
    }
  },
  "display": {
    "announce_to_chat": true,
    "description": {
      "translate": "advancements.minecolonies.building_add_recipe_torch.description"
    },
    "frame": "task",
    "hidden": false,
    "icon": {
      "item": "minecraft:torch"
    },
    "show_toast": true,
    "title": {
      "translate": "advancements.minecolonies.building_add_recipe_torch.title"
    }
  },
  "requirements": [
    [
      "add_recipe_torch"
    ]
  ],
  "sends_telemetry_event": true
}