{
  "parent": "minecolonies:minecolonies/build_builder",
  "criteria": {
    "builders_hut": {
      "conditions": {
        "hut_name": "builder",
        "level": 2
      },
      "trigger": "minecolonies:complete_build_request"
    }
  },
  "display": {
    "announce_to_chat": true,
    "description": {
      "translate": "advancements.minecolonies.complete_build_request_2_builder.description"
    },
    "frame": "goal",
    "hidden": false,
    "icon": {
      "item": "minecolonies:blockhutbuilder"
    },
    "show_toast": true,
    "title": {
      "translate": "advancements.minecolonies.complete_build_request_2_builder.title"
    }
  },
  "requirements": [
    [
      "builders_hut"
    ]
  ],
  "sends_telemetry_event": true
}