{
  "parent": "minecolonies:minecolonies/place_townhall",
  "criteria": {
    "click_gui_button_close": {
      "conditions": {
        "button_id": "confirm",
        "window_resource_location": "minecolonies:gui/windowhutguide.xml"
      },
      "trigger": "minecolonies:click_gui_button"
    }
  },
  "display": {
    "announce_to_chat": true,
    "description": {
      "translate": "advancements.minecolonies.check_out_guide.description"
    },
    "frame": "task",
    "hidden": false,
    "icon": {
      "item": "minecolonies:blockhutbuilder"
    },
    "show_toast": true,
    "title": {
      "translate": "advancements.minecolonies.check_out_guide.title"
    }
  },
  "requirements": [
    [
      "click_gui_button_close"
    ]
  ],
  "sends_telemetry_event": true
}