{
  "parent": "minecolonies:minecolonies/citizen_eat_food_first",
  "criteria": {
    "citizen_eat_rotten_flesh": {
      "conditions": {
        "items": [
          {
            "items": [
              "minecraft:rotten_flesh"
            ]
          }
        ]
      },
      "trigger": "minecolonies:citizen_eat_food"
    }
  },
  "display": {
    "announce_to_chat": true,
    "description": {
      "translate": "advancements.minecolonies.citizen_eat_food_rotten_flesh.description"
    },
    "frame": "task",
    "hidden": true,
    "icon": {
      "item": "minecraft:rotten_flesh"
    },
    "show_toast": true,
    "title": {
      "translate": "advancements.minecolonies.citizen_eat_food_rotten_flesh.title"
    }
  },
  "requirements": [
    [
      "citizen_eat_rotten_flesh"
    ]
  ],
  "sends_telemetry_event": true
}