{
  "parent": "minecolonies:minecolonies/build_citizen",
  "criteria": {
    "population_5": {
      "conditions": {
        "population_count": 5
      },
      "trigger": "minecolonies:colony_population"
    }
  },
  "display": {
    "announce_to_chat": true,
    "description": {
      "translate": "advancements.minecolonies.colony_population_5.description"
    },
    "frame": "goal",
    "hidden": false,
    "icon": {
      "item": "minecraft:red_bed"
    },
    "show_toast": true,
    "title": {
      "translate": "advancements.minecolonies.colony_population_5.title"
    }
  },
  "requirements": [
    [
      "population_5"
    ]
  ],
  "sends_telemetry_event": true
}