{
  "parent": "minecolonies:minecolonies/colony_population_10",
  "criteria": {
    "population_25": {
      "conditions": {
        "population_count": 25
      },
      "trigger": "minecolonies:colony_population"
    }
  },
  "display": {
    "announce_to_chat": true,
    "description": {
      "translate": "advancements.minecolonies.colony_population_25.description"
    },
    "frame": "goal",
    "hidden": false,
    "icon": {
      "item": "minecraft:gold_ingot"
    },
    "show_toast": true,
    "title": {
      "translate": "advancements.minecolonies.colony_population_25.title"
    }
  },
  "requirements": [
    [
      "population_25"
    ]
  ],
  "sends_telemetry_event": true
}