{
  "parent": "minecolonies:minecolonies/colony_population_25",
  "criteria": {
    "population_50": {
      "conditions": {
        "population_count": 50
      },
      "trigger": "minecolonies:colony_population"
    }
  },
  "display": {
    "announce_to_chat": true,
    "description": {
      "translate": "advancements.minecolonies.colony_population_50.description"
    },
    "frame": "goal",
    "hidden": false,
    "icon": {
      "item": "minecraft:diamond"
    },
    "show_toast": true,
    "title": {
      "translate": "advancements.minecolonies.colony_population_50.title"
    }
  },
  "requirements": [
    [
      "population_50"
    ]
  ],
  "sends_telemetry_event": true
}