{
  "parent": "minecolonies:minecolonies/colony_population_5",
  "criteria": {
    "population_10": {
      "conditions": {
        "population_count": 10
      },
      "trigger": "minecolonies:colony_population"
    }
  },
  "display": {
    "announce_to_chat": true,
    "description": {
      "translate": "advancements.minecolonies.colony_population_10.description"
    },
    "frame": "task",
    "hidden": false,
    "icon": {
      "item": "minecraft:brick"
    },
    "show_toast": true,
    "title": {
      "translate": "advancements.minecolonies.colony_population_10.title"
    }
  },
  "requirements": [
    [
      "population_10"
    ]
  ],
  "sends_telemetry_event": true
}