{
  "parent": "minecolonies:minecolonies/start_builder",
  "criteria": {
    "click_gui_button_fulfill": {
      "conditions": {
        "button_id": "fulfill",
        "window_resource_location": "minecolonies:gui/citizen/requests.xml"
      },
      "trigger": "minecolonies:click_gui_button"
    },
    "click_request_button_fulfill": {
      "conditions": {
        "button_id": "fulfill",
        "window_resource_location": "minecolonies:gui/windowrequestdetail.xml"
      },
      "trigger": "minecolonies:click_gui_button"
    }
  },
  "display": {
    "announce_to_chat": true,
    "description": {
      "translate": "advancements.minecolonies.click_gui_button_fulfill.description"
    },
    "frame": "task",
    "hidden": false,
    "icon": {
      "item": "minecolonies:resourcescroll"
    },
    "show_toast": true,
    "title": {
      "translate": "advancements.minecolonies.click_gui_button_fulfill.title"
    }
  },
  "requirements": [
    [
      "click_gui_button_fulfill",
      "click_request_button_fulfill"
    ]
  ],
  "sends_telemetry_event": true
}