{
  "parent": "minecolonies:minecolonies/place_townhall",
  "criteria": {
    "builder_request": {
      "conditions": {
        "hut_name": "builder",
        "level": 1
      },
      "trigger": "minecolonies:create_build_request"
    }
  },
  "display": {
    "announce_to_chat": true,
    "description": {
      "translate": "advancements.minecolonies.create_build_request_1_builder.description"
    },
    "frame": "task",
    "hidden": false,
    "icon": {
      "item": "minecolonies:blockconstructiontape"
    },
    "show_toast": true,
    "title": {
      "translate": "advancements.minecolonies.create_build_request_1_builder.title"
    }
  },
  "requirements": [
    [
      "builder_request"
    ]
  ],
  "sends_telemetry_event": true
}