{
  "type": "minecraft:chest",
  "pools": [
    {
      "bonus_rolls": 0.0,
      "entries": [
        {
          "type": "minecraft:item",
          "conditions": [
            {
              "chance": 0.1,
              "condition": "minecraft:random_chance"
            }
          ],
          "functions": [
            {
              "function": "minecraft:set_nbt",
              "tag": "{Placement:\"instant\"}"
            },
            {
              "function": "minecraft:set_name",
              "name": {
                "translate": "item.minecolonies.supply.free",
                "with": [
                  {
                    "translate": "item.minecolonies.supplycampdeployer"
                  }
                ]
              }
            }
          ],
          "name": "minecolonies:supplycampdeployer"
        },
        {
          "type": "minecraft:item",
          "conditions": [
            {
              "chance": 0.2,
              "condition": "minecraft:random_chance"
            }
          ],
          "functions": [
            {
              "add": false,
              "count": 8.0,
              "function": "minecraft:set_count"
            }
          ],
          "name": "minecolonies:scroll_buff"
        }
      ],
      "rolls": 1.0
    }
  ],
  "random_sequence": "minecolonies:chests/supplycamp"
}