{
  "required": true,
  "package": "com.microsoft.Malmo.Mixins",
  "mixins": [
    "MixinEntityRandom",
    "MixinLargeInventory",
    "MixinMinecraftGameloop",
    "MixinMinecraftServerRun",
    "MixinNoGuiInteract",
    "MixinRandomSkinTexture",
    "MixinWorldProviderSpawn",
    "MixinKeyboard",
    "MixinMouse", 
    "MixinDisplay",
    "MixinSyncClientStats",
    "MixinWorldProviderSpawn"
  ],
  "server": [
  ],
  "client": [
  ],
  "compatibilityLevel": "JAVA_8",
  "minVersion": "0.6.11",
  "refmap": "mixins.malmo.refmap.json"
}
