{
    "story_string": "<|im_start|>system\n{{#if system}}{{system}}\n\n\n{{/if}}## Overall plot description:\n\n{{#if scenario}}{{scenario}}{{else}}Conversation between {{char}} and {{user}}.{{/if}}{{#if wiBefore}}\n\n{{wiBefore}}{{/if}}\n\n\n## Characters:\n\n### {{char}}\n\n{{#if description}}{{description}}\n\n{{/if}}{{#if personality}}{{personality}}\n\n{{/if}}### {{user}}\n\n{{#if persona}}{{persona}}{{else}}{{user}} is the protagonist of the role-play.{{/if}}{{#if wiAfter}}\n\n{{wiAfter}}{{/if}}{{#if mesExamples}}\n\n{{mesExamples}}{{/if}}",
    "example_separator": "",
    "chat_start": "",
    "use_stop_strings": false,
    "allow_jailbreak": false,
    "always_force_name2": false,
    "trim_sentences": true,
    "single_line": false,
    "name": "DreamGen Role-Play V1 ChatML"
}
