{
    "input_sequence": "[INST] ",
    "output_sequence": "",
    "last_output_sequence": "",
    "system_sequence": "",
    "stop_sequence": "",
    "wrap": false,
    "macro": true,
    "names_behavior": "force",
    "activation_regex": "",
    "system_sequence_prefix": "",
    "system_sequence_suffix": "",
    "first_output_sequence": "",
    "skip_examples": false,
    "output_suffix": "\n",
    "input_suffix": " [/INST]\n",
    "system_suffix": "",
    "user_alignment_message": "Let's get started. Please respond based on the information and instructions provided above.",
    "system_same_as_user": true,
    "last_system_sequence": "",
    "name": "Llama 2 Chat"
}
