{
    "input_sequence": "\nUser: ",
    "output_sequence": "\nAssistant: ",
    "last_output_sequence": "",
    "system_sequence": "",
    "stop_sequence": "",
    "wrap": false,
    "macro": true,
    "names_behavior": "force",
    "activation_regex": "",
    "system_sequence_prefix": "",
    "system_sequence_suffix": "",
    "first_output_sequence": "",
    "skip_examples": false,
    "output_suffix": "<|end_of_turn|>",
    "input_suffix": "<|end_of_turn|>",
    "system_suffix": "",
    "user_alignment_message": "",
    "system_same_as_user": false,
    "last_system_sequence": "",
    "name": "OpenOrca-OpenChat"
}
