{
    "input_sequence": "USER: ",
    "output_sequence": "ASSISTANT: ",
    "last_output_sequence": "",
    "system_sequence": "SYSTEM: ",
    "stop_sequence": "",
    "wrap": false,
    "macro": true,
    "names_behavior": "force",
    "activation_regex": "",
    "system_sequence_prefix": "SYSTEM: ",
    "system_sequence_suffix": "",
    "first_output_sequence": "",
    "skip_examples": false,
    "output_suffix": "\n",
    "input_suffix": "\n",
    "system_suffix": "\n",
    "user_alignment_message": "Let's get started. Please respond based on the information and instructions provided above.",
    "system_same_as_user": false,
    "last_system_sequence": "",
    "name": "Synthia"
}
