{
  "max-occurrences": 1,
  "name": "minecolonies.quests.tutorial.tieredfood",
  "objectives": [
    {
      "type": "minecolonies:dialogue",
      "options": [
        {
          "answer": "minecolonies.quests.tutorial.tieredfood.obj0.answer0",
          "result": {
            "type": "minecolonies:dialogue",
            "options": [
              {
                "answer": "minecolonies.quests.tutorial.tieredfood.obj0.answer0.reply.answer0",
                "result": {
                  "type": "minecolonies:advanceobjective",
                  "go-to": 1
                }
              }
            ],
            "text": "minecolonies.quests.tutorial.tieredfood.obj0.answer0.reply"
          }
        },
        {
          "answer": "minecolonies.quests.tutorial.tieredfood.obj0.answer1",
          "result": {
            "type": "minecolonies:return"
          }
        },
        {
          "answer": "minecolonies.quests.tutorial.tieredfood.obj0.answer2",
          "result": {
            "type": "minecolonies:dialogue",
            "options": [
              {
                "answer": "minecolonies.quests.tutorial.tieredfood.obj0.answer2.reply.answer0",
                "result": {
                  "type": "minecolonies:advanceobjective",
                  "go-to": 10
                }
              }
            ],
            "text": "minecolonies.quests.tutorial.tieredfood.obj0.answer2.reply"
          }
        }
      ],
      "target": 0,
      "text": "minecolonies.quests.tutorial.tieredfood.obj0"
    },
    {
      "type": "minecolonies:buildbuilding",
      "details": {
        "type": "minecolonies:kitchen",
        "count-existing": true,
        "lvl": 1,
        "next-objective": 2,
        "qty": 1,
        "target": 0
      }
    },
    {
      "type": "minecolonies:dialogue",
      "options": [
        {
          "answer": "minecolonies.quests.tutorial.tieredfood.obj2.answer0",
          "result": {
            "type": "minecolonies:advanceobjective",
            "go-to": 5
          }
        }
      ],
      "target": 0,
      "text": "minecolonies.quests.tutorial.tieredfood.obj2",
      "unlocks-rewards": [
        0
      ]
    }
  ],
  "parents": [
    "minecolonies:tutorial/housing2"
  ],
  "rewards": [
    {
      "type": "minecolonies:item",
      "details": {
        "item": "minecolonies:garlic",
        "qty": 8
      }
    },
    {
      "type": "minecolonies:item",
      "details": {
        "item": "minecolonies:onion",
        "qty": 8
      }
    }
  ],
  "triggerOrder": "1 && (2 || 3)",
  "triggers": [
    {
      "type": "minecolonies:state",
      "state": {
        "match": {
          "type": "minecolonies:residence",
          "level": 3
        },
        "path": "buildingManager/buildings"
      }
    },
    {
      "type": "minecolonies:citizen",
      "state": {
        "notmatch": {
          "finavquests": [
            "minecolonies:tutorial/housing2"
          ]
        }
      }
    },
    {
      "type": "minecolonies:citizen",
      "state": {}
    }
  ]
}