{
  "max-occurrences": 1,
  "name": "minecolonies.quests.tutorial.warehouse",
  "objectives": [
    {
      "type": "minecolonies:dialogue",
      "options": [
        {
          "answer": "minecolonies.quests.tutorial.warehouse.obj0.answer0",
          "result": {
            "type": "minecolonies:dialogue",
            "options": [
              {
                "answer": "minecolonies.quests.tutorial.warehouse.obj0.answer0.reply.answer0",
                "result": {
                  "type": "minecolonies:advanceobjective",
                  "go-to": 1
                }
              },
              {
                "answer": "minecolonies.quests.tutorial.warehouse.obj0.answer0.reply.answer1",
                "result": {
                  "type": "minecolonies:dialogue",
                  "options": [
                    {
                      "answer": "minecolonies.quests.tutorial.warehouse.obj0.answer0.reply.answer1.reply.answer0",
                      "result": {
                        "type": "minecolonies:advanceobjective",
                        "go-to": 10
                      }
                    }
                  ],
                  "text": "minecolonies.quests.tutorial.warehouse.obj0.answer0.reply.answer1.reply"
                }
              }
            ],
            "text": "minecolonies.quests.tutorial.warehouse.obj0.answer0.reply"
          }
        },
        {
          "answer": "minecolonies.quests.tutorial.warehouse.obj0.answer1",
          "result": {
            "type": "minecolonies:return"
          }
        },
        {
          "answer": "minecolonies.quests.tutorial.warehouse.obj0.answer2",
          "result": {
            "type": "minecolonies:dialogue",
            "options": [
              {
                "answer": "minecolonies.quests.tutorial.warehouse.obj0.answer2.reply.answer0",
                "result": {
                  "type": "minecolonies:advanceobjective",
                  "go-to": 10
                }
              }
            ],
            "text": "minecolonies.quests.tutorial.warehouse.obj0.answer2.reply"
          }
        }
      ],
      "target": 0,
      "text": "minecolonies.quests.tutorial.warehouse.obj0"
    },
    {
      "type": "minecolonies:dialogue",
      "options": [
        {
          "answer": "minecolonies.quests.tutorial.warehouse.obj1.answer0",
          "result": {
            "type": "minecolonies:dialogue",
            "options": [
              {
                "answer": "minecolonies.quests.tutorial.warehouse.obj1.answer0.reply.answer0",
                "result": {
                  "type": "minecolonies:advanceobjective",
                  "go-to": 1
                }
              }
            ],
            "text": "minecolonies.quests.tutorial.warehouse.obj1.answer0.reply"
          }
        },
        {
          "answer": "minecolonies.quests.tutorial.warehouse.obj1.answer1",
          "result": {
            "type": "minecolonies:return"
          }
        },
        {
          "answer": "minecolonies.quests.tutorial.warehouse.obj1.answer2",
          "result": {
            "type": "minecolonies:dialogue",
            "options": [
              {
                "answer": "minecolonies.quests.tutorial.warehouse.obj1.answer2.reply.answer0",
                "result": {
                  "type": "minecolonies:advanceobjective",
                  "go-to": 2
                }
              }
            ],
            "text": "minecolonies.quests.tutorial.warehouse.obj1.answer2.reply"
          }
        }
      ],
      "target": 0,
      "text": "minecolonies.quests.tutorial.warehouse.obj1"
    },
    {
      "type": "minecolonies:buildbuilding",
      "details": {
        "type": "minecolonies:warehouse",
        "count-existing": true,
        "lvl": 1,
        "next-objective": 3,
        "qty": 1,
        "target": 0
      }
    },
    {
      "type": "minecolonies:buildbuilding",
      "details": {
        "type": "minecolonies:deliveryman",
        "count-existing": true,
        "lvl": 1,
        "next-objective": 4,
        "qty": 1,
        "target": 0
      }
    },
    {
      "type": "minecolonies:dialogue",
      "options": [
        {
          "answer": "minecolonies.quests.tutorial.warehouse.obj4.answer0",
          "result": {
            "type": "minecolonies:advanceobjective",
            "go-to": 5
          }
        }
      ],
      "target": 0,
      "text": "minecolonies.quests.tutorial.warehouse.obj4",
      "unlocks-rewards": [
        0,
        1,
        2,
        3
      ]
    }
  ],
  "parents": [
    "minecolonies:tutorial/housing2"
  ],
  "rewards": [
    {
      "type": "minecolonies:item",
      "details": {
        "item": "minecraft:stone_pickaxe",
        "qty": 2
      }
    },
    {
      "type": "minecolonies:item",
      "details": {
        "item": "minecraft:stone_axe",
        "qty": 2
      }
    },
    {
      "type": "minecolonies:item",
      "details": {
        "item": "minecraft:stone_shovel",
        "qty": 2
      }
    },
    {
      "type": "minecolonies:item",
      "details": {
        "item": "minecraft:stone_hoe",
        "qty": 2
      }
    }
  ],
  "triggerOrder": "1 || 2",
  "triggers": [
    {
      "type": "minecolonies:citizen",
      "state": {
        "notmatch": {
          "finavquests": [
            "minecolonies:tutorial/housing2"
          ]
        }
      }
    },
    {
      "type": "minecolonies:citizen",
      "state": {}
    }
  ]
}