{
  "parent": "minecraft:story/root",
  "criteria": {
    "supply_ship": {
      "conditions": {},
      "trigger": "minecolonies:supply_placed"
    }
  },
  "display": {
    "announce_to_chat": false,
    "description": {
      "translate": "advancements.minecolonies.root.description"
    },
    "frame": "task",
    "hidden": false,
    "icon": {
      "item": "minecolonies:supplychestdeployer"
    },
    "show_toast": false,
    "title": {
      "translate": "advancements.minecolonies.root.title"
    }
  },
  "requirements": [
    [
      "supply_ship"
    ]
  ],
  "sends_telemetry_event": true
}