<component name="ProjectRunConfigurationManager">
  <configuration name="Attach on 1044" type="Remote">
    <module name="Minecraft" />
    <option name="USE_SOCKET_TRANSPORT" value="true" />
    <option name="SERVER_MODE" value="false" />
    <option name="SHMEM_ADDRESS" />
    <option name="HOST" value="localhost" />
    <option name="PORT" value="1044" />
    <option name="AUTO_RESTART" value="false" />
    <RunnerSettings RunnerId="Debug">
      <option name="DEBUG_PORT" value="1044" />
      <option name="LOCAL" value="false" />
    </RunnerSettings>
    <method v="2">
      <option name="RunConfigurationTask" enabled="true" run_configuration_name="Wait For Port" run_configuration_type="ShConfigurationType" />
    </method>
  </configuration>
</component>