{
  "type": "recipe",
  "crafter": "chef_crafting",
  "inputs": [
    {
      "item": "minecolonies:onion"
    },
    {
      "item": "minecolonies:garlic"
    },
    {
      "item": "minecraft:carrot"
    },
    {
      "item": "minecraft:potato"
    },
    {
      "item": "minecraft:carrot"
    },
    {
      "item": "minecraft:potato"
    },
    {
      "item": "minecraft:brown_mushroom"
    },
    {
      "item": "minecolonies:cabbage"
    },
    {
      "item": "minecraft:mutton"
    }
  ],
  "intermediate": "minecraft:air",
  "result": "minecolonies:lamb_stew",
  "show-tooltip": true
}