{
  "name": "01",
  "logo": {
    "dark": "/logo/Z-icon-white.png",
    "light": "/logo/Z-icon-black.png"
  },
  "favicon": "/favicon.png",
  "colors": {
    "primary": "#000000",
    "light": "#FFFFFF",
    "dark": "#000000",
    "background": {
      "light": "#FFFFFF",
      "dark": "#000000"
    },
    "anchors": {
      "from": "#000000",
      "to": "#000000"
    }
  },
  "topbarLinks": [
    {
      "name": "GitHub",
      "url": "https://github.com/OpenInterpreter/01"
    }
  ],
  "topbarCtaButton": {
    "name": "Join Discord",
    "url": "https://discord.com/invite/Hvz9Axh84z"
  },
  "primaryTab": {
    "name": "Home"
  },
  "navigation": [
    {
      "group": "Setup",
      "pages": [
        "setup/introduction",
        "setup/installation"
      ]
    },
    {
      "group": "Safety",
      "pages": [
        "safety/introduction",
        "safety/risks",
        "safety/measures"
      ]
    },
    {
      "group": "Server",
      "pages": [
        "server/introduction",
        "server/livekit",
        "server/light",
        "server/configure",
        "server/flags"
      ]
    },
    {
      "group": "Client",
      "pages": [
        "client/introduction",
        "client/android-ios",
        "client/desktop",
        "client/esp32",
        "client/native-ios"
      ]
    },
    {
      "group": "Hardware",
      "pages": [
        "hardware/introduction",
        {
          "group": "01 Light",
          "pages": [
            "hardware/01-light/introduction",
            "hardware/01-light/materials",
            "hardware/01-light/case",
            "hardware/01-light/assembly",
            "hardware/01-light/chip",
            "hardware/01-light/connect"
          ]
        },
        "hardware/desktop",
        "hardware/mini-phone",
        "hardware/grimes",
        "hardware/custom"
      ]
    },
    {
      "group": "Troubleshooting",
      "pages": [
        "troubleshooting/faq"
      ]
    },
    {
      "group": "Legal",
      "pages": [
        "legal/privacy-policy",
        "legal/terms-of-service"
      ]
    }
  ],
  "feedback": {
    "suggestEdit": true
  },
  "footerSocials": {
    "twitter": "https://x.com/OpenInterpreter",
    "github": "https://github.com/OpenInterpreter/01",
    "discord": "https://discord.com/invite/Hvz9Axh84z"
  }
}