{"frames": {

"pixels_large1.png":
{
	"frame": {"x":0,"y":0,"w":32,"h":32},
	"rotated": false,
	"trimmed": true,
	"spriteSourceSize": {"x":0,"y":0,"w":32,"h":32},
	"sourceSize": {"w":32,"h":32}
},
"pixels_large2.png":
{
	"frame": {"x":32,"y":0,"w":32,"h":32},
	"rotated": false,
	"trimmed": true,
	"spriteSourceSize": {"x":0,"y":0,"w":32,"h":32},
	"sourceSize": {"w":32,"h":32}
},
"pixels_large3.png":
{
	"frame": {"x":64,"y":0,"w":32,"h":32},
	"rotated": false,
	"trimmed": true,
	"spriteSourceSize": {"x":0,"y":0,"w":32,"h":32},
	"sourceSize": {"w":32,"h":32}
},
"pixels_large4.png":
{
	"frame": {"x":96,"y":0,"w":32,"h":32},
	"rotated": false,
	"trimmed": true,
	"spriteSourceSize": {"x":0,"y":0,"w":32,"h":32},
	"sourceSize": {"w":32,"h":32}
}
},
"animations": {
	"pixels_large": ["pixels_large1.png","pixels_large2.png","pixels_large3.png","pixels_large4.png"]
},
"meta": {
	"image": "./spritesheets/campfire.png",
	"format": "RGBA8888",
	"size": {"w":128,"h":32},
	"scale": "1"
}
}
