[
  {
    "uuid": "5599f0cf-ec3c-409d-97a2-7a85379028fd",
    "name": "seraphimrock",
    "level": 4
  },
  {
    "uuid": "5c3add8b-2db4-441c-9f63-35f61c1d7b9a",
    "name": "HangryHobbit",
    "level": 4
  },
  {
    "uuid": "8c0186ef-5ac5-44ce-a1dd-b1872ee06b7d",
    "name": "Shindria",
    "level": 4
  },
  {
    "uuid": "5aae901d-70a4-48d1-b51d-f39869a345dc",
    "name": "cugo24",
    "level": 4
  },
  {
    "uuid": "a264cea8-6480-4108-b413-68376c043462",
    "name": "AravanFox",
    "level": 4
  },
  {
    "uuid": "fefb153f-4ffc-4f5c-acd2-3291e73bdd4d",
    "name": "Raycoms",
    "level": 4
  },
  {
    "uuid": "3b4cae6a-dd3b-4e91-a6bf-630ca87ddeb4",
    "name": "prijter",
    "level": 4
  },
  {
    "uuid": "30e1503f-b7b8-4a51-8f8f-6544a19aea7d",
    "name": "H3roDude",
    "level": 4
  },
  {
    "uuid": "f3d9e9a8-a751-4daa-ab7b-ea217166d07e",
    "name": "Sindarin",
    "level": 4
  },
  {
    "uuid": "df2940e7-ac3e-4364-a323-d73e132ca897",
    "name": "Dranemra",
    "level": 4
  },
  {
    "uuid": "f05e683a-e1d3-47b8-b5b6-c420e1347f92",
    "name": "whisper2shade",
    "level": 4
  },
  {
    "uuid": "3286b496-5218-4785-82fd-f0ae60311d34",
    "name": "Kelira2287",
    "level": 4
  },
  {
    "uuid": "06fe1033-d391-4d21-8706-410e2c22e8a8",
    "name": "Elrol_Arrowsend",
    "level": 4
  },
  {
    "uuid": "9c8f4033-0969-4a35-96fa-7379fa67474a",
    "name": "Brianher67",
    "level": 4
  },
  {
    "uuid": "e30d3d83-f6e9-4a5d-adba-93223fce132d",
    "name": "Tasha0011",
    "level": 4
  },
  {
    "uuid": "6ca2f868-ae1f-4b9e-8ec4-b53ad9fb09d4",
    "name": "MonzterAssassin",
    "level": 4
  },
  {
    "uuid": "b5a93d5b-38fc-4df2-98a7-0b3c7cd7cd0c",
    "name": "Wissi",
    "level": 4
  },
  {
    "uuid": "546f4ea8-84ce-443f-b488-fbc685cdcbbc",
    "name": "oddrobbia02",
    "level": 4
  },
  {
    "uuid": "9d7714d3-ee97-4a48-9cd2-5cbced750659",
    "name": "spacewolfcub",
    "level": 4
  },
  {
    "uuid": "80dd6693-89be-4552-b33f-a9aa5b9bb99e",
    "name": "JohnReiher",
    "level": 4
  },
  {
    "uuid": "cccfe84b-94e4-4c91-9a6b-402985838081",
    "name": "AlienXAXS",
    "level": 4
  },
  {
    "uuid": "a27d9a6c-942e-4d72-9867-a46624cbd539",
    "name": "malpaislegate_",
    "level": 4
  },
  {
    "uuid": "8d1fecba-09df-4a4a-b8ba-56d76efdd712",
    "name": "Aidan_Naut",
    "level": 4
  },
  {
    "uuid": "fad48346-6d13-4800-8c4e-c0898c6b1d71",
    "name": "Bluepikmin64",
    "level": 4
  },
  {
    "uuid": "e30d3d83-f6e9-4a5d-adba-93223fce132d",
    "name": "LunaDragonStar",
    "level": 4
  },
  {
    "uuid": "219b4b50-e63a-4bd1-9609-b4a086bcedba",
    "name": "BrandonAest",
    "level": 4
  },
  {
    "uuid": "aedec41e-939d-4723-b959-7659544eaadb",
    "name": "Suzysaur",
    "level": 4
  },
  {
    "uuid": "0206e9c8-f89b-4bf7-9be2-4a271876bf6b",
    "name": "ileleana",
    "level": 4
  },
  {
    "uuid": "b6e0fc70-bafd-4319-a98b-32f8e5be4169",
    "name": "Spaladino95",
    "level": 4
  },
  {
    "uuid": "98aafa7a-a274-4d44-8581-c8b00fcacd50",
    "name": "Deragonis",
    "level": 4
  },
  {
    "uuid": "879f8b90-baa5-4cfe-8dc4-7446a8a15363",
    "name": "StrikerIV",
    "level": 4
  },
  {
    "uuid": "15ac50c5-5b8b-41c5-a361-c482a6680cdd",
    "name": "Samdrei",
    "level": 4
  },
  {
    "uuid": "b5723332-b1ee-4aac-ac87-3008a0f99d16",
    "name": "ChaoticCreeper08",
    "level": 4
  },
  {
    "uuid": "74f6cf6f-71fc-4820-a61b-a9cdde7e06f6",
    "name": "DanicaKai",
    "level": 4
  },
  {
    "uuid": "636dbc6c-4798-4e9d-91eb-2cefb37952fe",
    "name": "green8751",
    "level": 4
  },
  {
    "uuid": "9f2a2aa1-0666-4e73-9015-156a0a0755ad",
    "name": "SadHorizion77210",
    "level": 4
  }
]
