{
  "max-occurrences": 1,
  "name": "minecolonies.quests.guides.resourcescroll",
  "objectives": [
    {
      "type": "minecolonies:dialogue",
      "options": [
        {
          "answer": "minecolonies.quests.guides.resourcescroll.obj0.answer0",
          "result": {
            "type": "minecolonies:advanceobjective",
            "go-to": 1
          }
        },
        {
          "answer": "minecolonies.quests.guides.resourcescroll.obj0.answer1",
          "result": {
            "type": "minecolonies:return"
          }
        },
        {
          "answer": "minecolonies.quests.guides.resourcescroll.obj0.answer2",
          "result": {
            "type": "minecolonies:advanceobjective",
            "go-to": -1
          }
        }
      ],
      "target": 0,
      "text": "minecolonies.quests.guides.resourcescroll.obj0"
    },
    {
      "type": "minecolonies:delivery",
      "details": {
        "item": "minecolonies:resourcescroll",
        "next-objective": 2,
        "qty": 1,
        "target": 0
      }
    },
    {
      "type": "minecolonies:dialogue",
      "options": [
        {
          "answer": "minecolonies.quests.guides.resourcescroll.obj2.answer0",
          "result": {
            "type": "minecolonies:advanceobjective",
            "go-to": 3
          }
        }
      ],
      "target": 0,
      "text": "minecolonies.quests.guides.resourcescroll.obj2",
      "unlocks-rewards": [
        0
      ]
    }
  ],
  "parents": [
    "minecolonies:tutorial/builder"
  ],
  "rewards": [
    {
      "type": "minecolonies:item",
      "details": {
        "item": "minecolonies:resourcescroll",
        "qty": 1
      }
    }
  ],
  "triggers": [
    {
      "type": "minecolonies:state",
      "state": {
        "match": {
          "type": "minecolonies:builder",
          "level": 1
        },
        "path": "buildingManager/buildings"
      }
    },
    {
      "type": "minecolonies:citizen",
      "state": {
        "match": {
          "job": {
            "type": "minecolonies:builder"
          }
        }
      }
    }
  ]
}