{
    "multilingual": {
        "multi-dataset": {
            "your_tts": {
                "id": "tts_models/multilingual/multi-dataset/your_tts",
                "languages": [
                    "en",
                    "fr-fr",
                    "pt-br"
                ],
                "speakers": [
                    "female-en-5",
                    "female-en-5\n",
                    "female-pt-4\n",
                    "male-en-2",
                    "male-en-2\n",
                    "male-pt-3\n"
                ]
            }
        }
    },
    "en": {
        "ljspeech": {
            "tacotron2-DDC": {
                "id": "tts_models/en/ljspeech/tacotron2-DDC"
            },
            "glow-tts": {
                "id": "tts_models/en/ljspeech/glow-tts"
            },
            "speedy-speech": {
                "id": "tts_models/en/ljspeech/speedy-speech"
            },
            "vits": {
                "id": "tts_models/en/ljspeech/vits"
            }
        },
        "vctk": {
            "vits": {
                "id": "tts_models/en/vctk/vits",
                "speakers": [
                    "ED\n",
                    "p225",
                    "p226",
                    "p227",
                    "p228",
                    "p229",
                    "p230",
                    "p231",
                    "p232",
                    "p233",
                    "p234",
                    "p236",
                    "p237",
                    "p238",
                    "p239",
                    "p240",
                    "p241",
                    "p243",
                    "p244",
                    "p245",
                    "p246",
                    "p247",
                    "p248",
                    "p249",
                    "p250",
                    "p251",
                    "p252",
                    "p253",
                    "p254",
                    "p255",
                    "p256",
                    "p257",
                    "p258",
                    "p259",
                    "p260",
                    "p261",
                    "p262",
                    "p263",
                    "p264",
                    "p265",
                    "p266",
                    "p267",
                    "p268",
                    "p269",
                    "p270",
                    "p271",
                    "p272",
                    "p273",
                    "p274",
                    "p275",
                    "p276",
                    "p277",
                    "p278",
                    "p279",
                    "p280",
                    "p281",
                    "p282",
                    "p283",
                    "p284",
                    "p285",
                    "p286",
                    "p287",
                    "p288",
                    "p292",
                    "p293",
                    "p294",
                    "p295",
                    "p297",
                    "p298",
                    "p299",
                    "p300",
                    "p301",
                    "p302",
                    "p303",
                    "p304",
                    "p305",
                    "p306",
                    "p307",
                    "p308",
                    "p310",
                    "p311",
                    "p312",
                    "p313",
                    "p314",
                    "p316",
                    "p317",
                    "p318",
                    "p323",
                    "p326",
                    "p329",
                    "p330",
                    "p333",
                    "p334",
                    "p335",
                    "p336",
                    "p339",
                    "p340",
                    "p341",
                    "p343",
                    "p345",
                    "p347",
                    "p351",
                    "p360",
                    "p361",
                    "p362",
                    "p363",
                    "p364",
                    "p374",
                    "p376"
                ]
            }
        },
        "jenny": {
            "jenny": {
                "id": "tts_models/en/jenny/jenny"
            }
        }
    },
    "es": {
        "mai": {
            "tacotron2-DDC": {
                "id": "tts_models/es/mai/tacotron2-DDC"
            }
        },
        "css10": {
            "vits": {
                "id": "tts_models/es/css10/vits"
            }
        }
    },
    "fr": {
        "mai": {
            "tacotron2-DDC": {
                "id": "tts_models/fr/mai/tacotron2-DDC"
            }
        },
        "css10": {
            "vits": {
                "id": "tts_models/fr/css10/vits"
            }
        }
    },
    "ja": {
        "kokoro": {
            "tacotron2-DDC": {
                "id": "tts_models/ja/kokoro/tacotron2-DDC"
            }
        }
    }
}