<component name="InspectionProjectProfileManager">
  <profile version="1.0">
    <option name="myName" value="Minecolonies" />
    <inspection_tool class="AbstractClassExtendsConcreteClass" enabled="true" level="WARNING" enabled_by_default="true" />
    <inspection_tool class="AbstractClassNeverImplemented" enabled="true" level="WARNING" enabled_by_default="true" />
    <inspection_tool class="AbstractClassWithoutAbstractMethods" enabled="true" level="WARNING" enabled_by_default="true" />
    <inspection_tool class="AbstractMethodCallInConstructor" enabled="true" level="ERROR" enabled_by_default="true" />
    <inspection_tool class="AbstractMethodOverridesAbstractMethod" enabled="true" level="WARNING" enabled_by_default="true" />
    <inspection_tool class="AbstractMethodOverridesConcreteMethod" enabled="true" level="ERROR" enabled_by_default="true" />
    <inspection_tool class="AbstractMethodWithMissingImplementations" enabled="true" level="ERROR" enabled_by_default="true" />
    <inspection_tool class="AnonymousClassComplexity" enabled="true" level="WARNING" enabled_by_default="true">
      <option name="m_limit" value="3" />
    </inspection_tool>
    <inspection_tool class="AnonymousClassMethodCount" enabled="true" level="WARNING" enabled_by_default="true">
      <option name="m_limit" value="1" />
    </inspection_tool>
    <inspection_tool class="AnonymousInnerClassMayBeStatic" enabled="true" level="WARNING" enabled_by_default="true" />
    <inspection_tool class="ArrayEquality" enabled="true" level="WARNING" enabled_by_default="true" />
    <inspection_tool class="AssertEqualsCalledOnArray" enabled="true" level="WARNING" enabled_by_default="true" />
    <inspection_tool class="AssertEqualsMayBeAssertSame" enabled="true" level="WARNING" enabled_by_default="true" />
    <inspection_tool class="AssertMessageNotString" enabled="true" level="INFORMATION" enabled_by_default="true" />
    <inspection_tool class="AssertionCanBeIf" enabled="false" level="INFORMATION" enabled_by_default="false" />
    <inspection_tool class="AssertsWithoutMessages" enabled="true" level="WARNING" enabled_by_default="true" />
    <inspection_tool class="AssignmentOrReturnOfFieldWithMutableType" enabled="true" level="WARNING" enabled_by_default="true" />
    <inspection_tool class="AssignmentToCatchBlockParameter" enabled="true" level="WARNING" enabled_by_default="true" />
    <inspection_tool class="AssignmentToForLoopParameter" enabled="true" level="WARNING" enabled_by_default="true">
      <option name="m_checkForeachParameters" value="false" />
    </inspection_tool>
    <inspection_tool class="AssignmentToLambdaParameter" enabled="true" level="WARNING" enabled_by_default="true" />
    <inspection_tool class="AssignmentToMethodParameter" enabled="true" level="WARNING" enabled_by_default="true">
      <option name="ignoreTransformationOfOriginalParameter" value="false" />
    </inspection_tool>
    <inspection_tool class="AssignmentToNull" enabled="true" level="WARNING" enabled_by_default="true">
      <option name="ignoreAssignmentsToFields" value="true" />
    </inspection_tool>
    <inspection_tool class="AssignmentToStaticFieldFromInstanceMethod" enabled="true" level="WARNING" enabled_by_default="true" />
    <inspection_tool class="AssignmentToSuperclassField" enabled="true" level="WARNING" enabled_by_default="true" />
    <inspection_tool class="AssignmentUsedAsCondition" enabled="true" level="WARNING" enabled_by_default="true" />
    <inspection_tool class="AutoCloseableResource" enabled="true" level="WARNING" enabled_by_default="true" />
    <inspection_tool class="BadExceptionCaught" enabled="true" level="ERROR" enabled_by_default="true">
      <option name="exceptionsString" value="" />
      <option name="exceptions">
        <value />
      </option>
    </inspection_tool>
    <inspection_tool class="BadExceptionDeclared" enabled="true" level="ERROR" enabled_by_default="true">
      <option name="exceptionsString" value="" />
      <option name="exceptions">
        <value />
      </option>
      <option name="ignoreTestCases" value="false" />
      <option name="ignoreLibraryOverrides" value="false" />
    </inspection_tool>
    <inspection_tool class="BadExceptionThrown" enabled="true" level="ERROR" enabled_by_default="true">
      <option name="exceptionsString" value="" />
      <option name="exceptions">
        <value />
      </option>
    </inspection_tool>
    <inspection_tool class="BeforeClassOrAfterClassIsPublicStaticVoidNoArg" enabled="true" level="WARNING" enabled_by_default="true" />
    <inspection_tool class="BeforeOrAfterIsPublicVoidNoArg" enabled="true" level="WARNING" enabled_by_default="true" />
    <inspection_tool class="BlockMarkerComments" enabled="true" level="UNUSED ENTRY" enabled_by_default="true" />
    <inspection_tool class="BooleanExpressionMayBeConditional" enabled="true" level="UNUSED ENTRY" enabled_by_default="true" />
    <inspection_tool class="BooleanMethodNameMustStartWithQuestion" enabled="true" level="WEAK WARNING" enabled_by_default="true">
      <option name="ignoreBooleanMethods" value="false" />
      <option name="ignoreInAnnotationInterface" value="false" />
      <option name="onlyWarnOnBaseMethods" value="true" />
      <option name="questionString" value="are,can,check,contains,could,endsWith,equals,has,is,matches,must,put,remove,shall,should,startsWith,was,were,will,would,add" />
    </inspection_tool>
    <inspection_tool class="BooleanParameter" enabled="true" level="WARNING" enabled_by_default="true">
      <option name="onlyReportMultiple" value="true" />
    </inspection_tool>
    <inspection_tool class="BooleanVariableAlwaysNegated" enabled="true" level="WARNING" enabled_by_default="true" />
    <inspection_tool class="CastConflictsWithInstanceof" enabled="true" level="WARNING" enabled_by_default="true" />
    <inspection_tool class="CastToConcreteClass" enabled="true" level="WARNING" enabled_by_default="true">
      <option name="ignoreAbstractClasses" value="true" />
    </inspection_tool>
    <inspection_tool class="CastToIncompatibleInterface" enabled="true" level="WARNING" enabled_by_default="true" />
    <inspection_tool class="ChainedEquality" enabled="true" level="WEAK WARNING" enabled_by_default="true" />
    <inspection_tool class="ClassComplexity" enabled="true" level="WARNING" enabled_by_default="true">
      <option name="m_limit" value="80" />
    </inspection_tool>
    <inspection_tool class="ClassCoupling" enabled="true" level="WARNING" enabled_by_default="true">
      <option name="m_includeJavaClasses" value="false" />
      <option name="m_includeLibraryClasses" value="false" />
      <option name="m_limit" value="15" />
    </inspection_tool>
    <inspection_tool class="ClassHasNoToStringMethod" enabled="true" level="UNUSED ENTRY" enabled_by_default="true">
      <option name="excludeClassNames" value="" />
      <option name="excludeException" value="true" />
      <option name="excludeDeprecated" value="true" />
      <option name="excludeEnum" value="false" />
      <option name="excludeAbstract" value="false" />
      <option name="excludeTestCode" value="false" />
      <option name="excludeInnerClasses" value="false" />
    </inspection_tool>
    <inspection_tool class="ClassInheritanceDepth" enabled="true" level="WARNING" enabled_by_default="true">
      <option name="m_limit" value="2" />
    </inspection_tool>
    <inspection_tool class="ClassNameDiffersFromFileName" enabled="true" level="ERROR" enabled_by_default="true" />
    <inspection_tool class="ClassNamePrefixedWithPackageName" enabled="true" level="WEAK WARNING" enabled_by_default="true" />
    <inspection_tool class="ClassNameSameAsAncestorName" enabled="true" level="WEAK WARNING" enabled_by_default="true" />
    <inspection_tool class="ClassNestingDepth" enabled="true" level="WARNING" enabled_by_default="true">
      <option name="m_limit" value="1" />
    </inspection_tool>
    <inspection_tool class="ClassReferencesSubclass" enabled="true" level="WARNING" enabled_by_default="true" />
    <inspection_tool class="ClassWithOnlyPrivateConstructors" enabled="true" level="WARNING" enabled_by_default="true" />
    <inspection_tool class="ClassWithTooManyDependencies" enabled="true" level="WARNING" enabled_by_default="true">
      <option name="limit" value="10" />
    </inspection_tool>
    <inspection_tool class="ClassWithTooManyDependents" enabled="true" level="WARNING" enabled_by_default="true">
      <option name="limit" value="10" />
    </inspection_tool>
    <inspection_tool class="ClassWithTooManyTransitiveDependencies" enabled="true" level="WARNING" enabled_by_default="true">
      <option name="limit" value="35" />
    </inspection_tool>
    <inspection_tool class="ClassWithTooManyTransitiveDependents" enabled="true" level="WARNING" enabled_by_default="true">
      <option name="limit" value="35" />
    </inspection_tool>
    <inspection_tool class="ClassWithoutLogger" enabled="true" level="UNUSED ENTRY" enabled_by_default="true">
      <option name="loggerNamesString" value="java.util.logging.Logger,org.slf4j.Logger,org.apache.commons.logging.Log,org.apache.log4j.Logger" />
      <option name="ignoreSuperLoggers" value="false" />
    </inspection_tool>
    <inspection_tool class="CloneableImplementsClone" enabled="true" level="WARNING" enabled_by_default="true">
      <option name="m_ignoreCloneableDueToInheritance" value="false" />
    </inspection_tool>
    <inspection_tool class="CollectionContainsUrl" enabled="true" level="ERROR" enabled_by_default="true" />
    <inspection_tool class="ComparableImplementedButEqualsNotOverridden" enabled="true" level="WARNING" enabled_by_default="true" />
    <inspection_tool class="ConditionalCanBePushedInsideExpression" enabled="true" level="UNUSED ENTRY" enabled_by_default="true" />
    <inspection_tool class="ConditionalExpression" enabled="true" level="UNUSED ENTRY" enabled_by_default="true" />
    <inspection_tool class="ConditionalExpressionWithIdenticalBranches" enabled="true" level="WARNING" enabled_by_default="true" />
    <inspection_tool class="ConfusingMainMethod" enabled="true" level="WARNING" enabled_by_default="true" />
    <inspection_tool class="ConstantAssertCondition" enabled="true" level="WARNING" enabled_by_default="true" />
    <inspection_tool class="ConstantDeclaredInAbstractClass" enabled="true" level="WARNING" enabled_by_default="true" />
    <inspection_tool class="ConstantDeclaredInInterface" enabled="true" level="WARNING" enabled_by_default="true" />
    <inspection_tool class="ConstantJUnitAssertArgument" enabled="true" level="WARNING" enabled_by_default="true" />
    <inspection_tool class="ConstantValueVariableUse" enabled="true" level="WARNING" enabled_by_default="true" />
    <inspection_tool class="ConstructorCount" enabled="true" level="WARNING" enabled_by_default="true">
      <option name="ignoreDeprecatedConstructors" value="false" />
      <option name="m_limit" value="5" />
    </inspection_tool>
    <inspection_tool class="CyclicClassDependency" enabled="true" level="WARNING" enabled_by_default="true" />
    <inspection_tool class="CyclicPackageDependency" enabled="true" level="WARNING" enabled_by_default="true" />
    <inspection_tool class="CyclomaticComplexity" enabled="true" level="WARNING" enabled_by_default="true">
      <option name="m_limit" value="25" />
    </inspection_tool>
    <inspection_tool class="DeclareCollectionAsInterface" enabled="true" level="WARNING" enabled_by_default="true">
      <option name="ignoreLocalVariables" value="false" />
      <option name="ignorePrivateMethodsAndFields" value="false" />
    </inspection_tool>
    <inspection_tool class="DefaultNotLastCaseInSwitch" enabled="true" level="WARNING" enabled_by_default="true" />
    <inspection_tool class="DiamondCanBeReplacedWithExplicitTypeArguments" enabled="false" level="INFORMATION" enabled_by_default="false" />
    <inspection_tool class="DollarSignInName" enabled="true" level="WARNING" enabled_by_default="true" />
    <inspection_tool class="DoubleBraceInitialization" enabled="true" level="ERROR" enabled_by_default="true" />
    <inspection_tool class="DuplicateBooleanBranch" enabled="true" level="WARNING" enabled_by_default="true" />
    <inspection_tool class="DuplicateCondition" enabled="true" level="WARNING" enabled_by_default="true">
      <option name="ignoreSideEffectConditions" value="true" />
    </inspection_tool>
    <inspection_tool class="DynamicRegexReplaceableByCompiledPattern" enabled="true" level="WARNING" enabled_by_default="true" />
    <inspection_tool class="EmptyClass" enabled="true" level="WARNING" enabled_by_default="true">
      <option name="ignorableAnnotations">
        <value />
      </option>
      <option name="ignoreClassWithParameterization" value="false" />
      <option name="ignoreThrowables" value="true" />
      <option name="commentsAreContent" value="true" />
    </inspection_tool>
    <inspection_tool class="EnumSwitchStatementWhichMissesCases" enabled="true" level="WARNING" enabled_by_default="true">
      <option name="ignoreSwitchStatementsWithDefault" value="false" />
    </inspection_tool>
    <inspection_tool class="EqualsAndHashcode" enabled="true" level="WARNING" enabled_by_default="true" />
    <inspection_tool class="ErrorRethrown" enabled="true" level="WARNING" enabled_by_default="true" />
    <inspection_tool class="ExceptionFromCatchWhichDoesntWrap" enabled="true" level="WARNING" enabled_by_default="true">
      <option name="ignoreGetMessage" value="false" />
      <option name="ignoreCantWrap" value="false" />
    </inspection_tool>
    <inspection_tool class="ExceptionNameDoesntEndWithException" enabled="true" level="WARNING" enabled_by_default="true" />
    <inspection_tool class="ExpectedExceptionNeverThrown" enabled="true" level="WARNING" enabled_by_default="true" />
    <inspection_tool class="ExtendsAnnotation" enabled="true" level="ERROR" enabled_by_default="true" />
    <inspection_tool class="ExtendsConcreteCollection" enabled="true" level="WARNING" enabled_by_default="true" />
    <inspection_tool class="ExtendsThrowable" enabled="true" level="WARNING" enabled_by_default="true" />
    <inspection_tool class="ExtendsUtilityClass" enabled="true" level="ERROR" enabled_by_default="true" />
    <inspection_tool class="FallthruInSwitchStatement" enabled="true" level="WARNING" enabled_by_default="true" />
    <inspection_tool class="FeatureEnvy" enabled="true" level="WARNING" enabled_by_default="true">
      <option name="ignoreTestCases" value="false" />
    </inspection_tool>
    <inspection_tool class="FieldCount" enabled="true" level="WARNING" enabled_by_default="true">
      <option name="m_countConstantFields" value="false" />
      <option name="m_considerStaticFinalFieldsConstant" value="false" />
      <option name="myCountEnumConstants" value="false" />
      <option name="m_limit" value="10" />
    </inspection_tool>
    <inspection_tool class="FieldMayBeStatic" enabled="true" level="WARNING" enabled_by_default="true" />
    <inspection_tool class="FieldNamingConvention" enabled="true" level="WEAK WARNING" enabled_by_default="true">
      <extension name="ConstantNamingConvention" enabled="true">
        <option name="m_regex" value="CONST_[A-Z][A-Z_\d]*" />
        <option name="m_minLength" value="5" />
        <option name="m_maxLength" value="32" />
      </extension>
      <extension name="ConstantWithMutableFieldTypeNamingConvention" enabled="true">
        <option name="m_regex" value="CONST_[A-Z][A-Z_\d]*" />
        <option name="m_minLength" value="5" />
        <option name="m_maxLength" value="32" />
      </extension>
      <extension name="InstanceVariableNamingConvention" enabled="true" />
      <extension name="StaticVariableNamingConvention" enabled="true" />
    </inspection_tool>
    <inspection_tool class="Finalize" enabled="true" level="ERROR" enabled_by_default="true">
      <option name="ignoreTrivialFinalizers" value="true" />
    </inspection_tool>
    <inspection_tool class="FinalizeNotProtected" enabled="true" level="ERROR" enabled_by_default="true" />
    <inspection_tool class="HtmlTagCanBeJavadocTag" enabled="true" level="WEAK WARNING" enabled_by_default="true" />
    <inspection_tool class="IfMayBeConditional" enabled="true" level="WARNING" enabled_by_default="true" />
    <inspection_tool class="IfStatementWithIdenticalBranches" enabled="true" level="WARNING" enabled_by_default="true" />
    <inspection_tool class="IfStatementWithTooManyBranches" enabled="true" level="WARNING" enabled_by_default="true">
      <option name="m_limit" value="3" />
    </inspection_tool>
    <inspection_tool class="IgnoredJUnitTest" enabled="true" level="WEAK WARNING" enabled_by_default="true" />
    <inspection_tool class="InnerClassMayBeStatic" enabled="true" level="WARNING" enabled_by_default="true" />
    <inspection_tool class="InnerClassReferencedViaSubclass" enabled="true" level="WARNING" enabled_by_default="true" />
    <inspection_tool class="InstanceVariableInitialization" enabled="true" level="WARNING" enabled_by_default="true">
      <option name="m_ignorePrimitives" value="false" />
    </inspection_tool>
    <inspection_tool class="InstanceVariableOfConcreteClass" enabled="true" level="WARNING" enabled_by_default="true">
      <option name="ignoreAbstractClasses" value="true" />
    </inspection_tool>
    <inspection_tool class="InstanceVariableUninitializedUse" enabled="true" level="WARNING" enabled_by_default="true">
      <option name="m_ignorePrimitives" value="false" />
      <option name="annotationNamesString" value="" />
    </inspection_tool>
    <inspection_tool class="InstanceofCatchParameter" enabled="true" level="WARNING" enabled_by_default="true" />
    <inspection_tool class="InstanceofIncompatibleInterface" enabled="true" level="WARNING" enabled_by_default="true" />
    <inspection_tool class="InstanceofInterfaces" enabled="true" level="WARNING" enabled_by_default="true">
      <option name="ignoreAbstractClasses" value="true" />
    </inspection_tool>
    <inspection_tool class="InstanceofThis" enabled="true" level="WARNING" enabled_by_default="true" />
    <inspection_tool class="InstantiationOfUtilityClass" enabled="true" level="WARNING" enabled_by_default="true" />
    <inspection_tool class="InterfaceMayBeAnnotatedFunctional" enabled="true" level="WARNING" enabled_by_default="true" />
    <inspection_tool class="InterfaceNeverImplemented" enabled="true" level="WEAK WARNING" enabled_by_default="true">
      <option name="ignoreInterfacesThatOnlyDeclareConstants" value="false" />
    </inspection_tool>
    <inspection_tool class="IteratorHasNextCallsIteratorNext" enabled="true" level="WARNING" enabled_by_default="true" />
    <inspection_tool class="IteratorNextDoesNotThrowNoSuchElementException" enabled="true" level="WARNING" enabled_by_default="true" />
    <inspection_tool class="JUnit3StyleTestMethodInJUnit4Class" enabled="true" level="WARNING" enabled_by_default="true" />
    <inspection_tool class="JUnit5AssertionsConverter" enabled="true" level="WARNING" enabled_by_default="true" />
    <inspection_tool class="JUnitDatapoint" enabled="true" level="WARNING" enabled_by_default="true" />
    <inspection_tool class="JUnitRule" enabled="true" level="WARNING" enabled_by_default="true" />
    <inspection_tool class="JavadocHtmlLint" enabled="true" level="ERROR" enabled_by_default="true" />
    <inspection_tool class="KeySetIterationMayUseEntrySet" enabled="true" level="WARNING" enabled_by_default="true" />
    <inspection_tool class="LambdaBodyCanBeCodeBlock" enabled="false" level="INFORMATION" enabled_by_default="false" />
    <inspection_tool class="LambdaParameterTypeCanBeSpecified" enabled="false" level="INFORMATION" enabled_by_default="false" />
    <inspection_tool class="LawOfDemeter" enabled="true" level="WARNING" enabled_by_default="true">
      <option name="ignoreLibraryCalls" value="true" />
    </inspection_tool>
    <inspection_tool class="LocalCanBeFinal" enabled="true" level="WEAK WARNING" enabled_by_default="true">
      <option name="REPORT_VARIABLES" value="true" />
      <option name="REPORT_PARAMETERS" value="true" />
    </inspection_tool>
    <inspection_tool class="LocalVariableNamingConvention" enabled="true" level="WEAK WARNING" enabled_by_default="true">
      <option name="m_ignoreForLoopParameters" value="false" />
      <option name="m_ignoreCatchParameters" value="false" />
      <option name="m_regex" value="[a-z][A-Za-z\d]*" />
      <option name="m_minLength" value="1" />
      <option name="m_maxLength" value="20" />
    </inspection_tool>
    <inspection_tool class="LocalVariableOfConcreteClass" enabled="true" level="WARNING" enabled_by_default="true">
      <option name="ignoreAbstractClasses" value="true" />
    </inspection_tool>
    <inspection_tool class="LogStatementGuardedByLogCondition" enabled="false" level="UNUSED ENTRY" enabled_by_default="false" />
    <inspection_tool class="LoggerInitializedWithForeignClass" enabled="true" level="UNUSED ENTRY" enabled_by_default="true">
      <option name="loggerFactoryMethodName" value="getLogger,getLogger,getLog,getLogger" />
    </inspection_tool>
    <inspection_tool class="LoggingConditionDisagreesWithLogStatement" enabled="true" level="UNUSED ENTRY" enabled_by_default="true" />
    <inspection_tool class="MagicNumber" enabled="true" level="WARNING" enabled_by_default="true" />
    <inspection_tool class="MalformedSetUpTearDown" enabled="true" level="WARNING" enabled_by_default="true" />
    <inspection_tool class="MapReplaceableByEnumMap" enabled="true" level="WARNING" enabled_by_default="true" />
    <inspection_tool class="MethodCount" enabled="true" level="WARNING" enabled_by_default="true">
      <option name="m_limit" value="20" />
      <option name="ignoreGettersAndSetters" value="false" />
      <option name="ignoreOverridingMethods" value="false" />
    </inspection_tool>
    <inspection_tool class="MethodCoupling" enabled="true" level="WARNING" enabled_by_default="true">
      <option name="m_includeJavaClasses" value="false" />
      <option name="m_includeLibraryClasses" value="false" />
      <option name="m_limit" value="10" />
    </inspection_tool>
    <inspection_tool class="MethodMayBeStatic" enabled="true" level="WARNING" enabled_by_default="true">
      <option name="m_onlyPrivateOrFinal" value="false" />
      <option name="m_ignoreEmptyMethods" value="true" />
    </inspection_tool>
    <inspection_tool class="MethodNameSameAsParentName" enabled="true" level="WARNING" enabled_by_default="true" />
    <inspection_tool class="MethodOnlyUsedFromInnerClass" enabled="true" level="WARNING" enabled_by_default="true">
      <option name="ignoreMethodsAccessedFromAnonymousClass" value="true" />
      <option name="ignoreStaticMethodsFromNonStaticInnerClass" value="false" />
      <option name="onlyReportStaticMethods" value="false" />
    </inspection_tool>
    <inspection_tool class="MethodRefCanBeReplacedWithLambda" enabled="false" level="INFORMATION" enabled_by_default="false" />
    <inspection_tool class="MethodReturnAlwaysConstant" enabled="true" level="WARNING" enabled_by_default="true" />
    <inspection_tool class="MethodReturnOfConcreteClass" enabled="true" level="WARNING" enabled_by_default="true">
      <option name="ignoreAbstractClasses" value="true" />
    </inspection_tool>
    <inspection_tool class="MigrateAssertToMatcherAssert" enabled="true" level="WARNING" enabled_by_default="true" />
    <inspection_tool class="MisorderedAssertEqualsParameters" enabled="true" level="WARNING" enabled_by_default="true" />
    <inspection_tool class="MissingDeprecatedAnnotation" enabled="true" level="WEAK WARNING" enabled_by_default="true" />
    <inspection_tool class="MissingOverrideAnnotation" enabled="true" level="WEAK WARNING" enabled_by_default="true">
      <option name="ignoreObjectMethods" value="true" />
      <option name="ignoreAnonymousClassMethods" value="false" />
    </inspection_tool>
    <inspection_tool class="MissingPackageInfo" enabled="true" level="WEAK WARNING" enabled_by_default="true" />
    <inspection_tool class="MissortedModifiers" enabled="true" level="WEAK WARNING" enabled_by_default="true">
      <option name="m_requireAnnotationsFirst" value="true" />
    </inspection_tool>
    <inspection_tool class="MisspelledEquals" enabled="true" level="TYPO" enabled_by_default="true" />
    <inspection_tool class="MisspelledMethodName" enabled="true" level="WARNING" enabled_by_default="true" />
    <inspection_tool class="MultiCatchCanBeSplit" enabled="true" level="WARNING" enabled_by_default="true" />
    <inspection_tool class="MultipleDeclaration" enabled="true" level="WARNING" enabled_by_default="true">
      <option name="ignoreForLoopDeclarations" value="true" />
    </inspection_tool>
    <inspection_tool class="MultipleTopLevelClassesInFile" enabled="true" level="ERROR" enabled_by_default="true" />
    <inspection_tool class="NegatedConditional" enabled="true" level="WARNING" enabled_by_default="true">
      <option name="m_ignoreNegatedNullComparison" value="true" />
    </inspection_tool>
    <inspection_tool class="NegatedConditionalExpression" enabled="true" level="WARNING" enabled_by_default="true" />
    <inspection_tool class="NegatedEqualityExpression" enabled="true" level="WARNING" enabled_by_default="true" />
    <inspection_tool class="NegatedIfElse" enabled="true" level="WARNING" enabled_by_default="true">
      <option name="m_ignoreNegatedNullComparison" value="true" />
      <option name="m_ignoreNegatedZeroComparison" value="false" />
    </inspection_tool>
    <inspection_tool class="NegativelyNamedBooleanVariable" enabled="true" level="WARNING" enabled_by_default="true" />
    <inspection_tool class="NestedAssignment" enabled="true" level="WARNING" enabled_by_default="true" />
    <inspection_tool class="NestedSwitchStatement" enabled="true" level="WARNING" enabled_by_default="true" />
    <inspection_tool class="NestingDepth" enabled="true" level="WARNING" enabled_by_default="true">
      <option name="m_limit" value="5" />
    </inspection_tool>
    <inspection_tool class="NewClassNamingConvention" enabled="true" level="WEAK WARNING" enabled_by_default="true">
      <extension name="AbstractClassNamingConvention" enabled="true">
        <option name="inheritDefaultSettings" value="false" />
        <option name="m_regex" value="Abstract[A-Z][A-Za-z\d]*" />
        <option name="m_minLength" value="8" />
        <option name="m_maxLength" value="64" />
      </extension>
      <extension name="AnnotationNamingConvention" enabled="true">
        <option name="inheritDefaultSettings" value="true" />
        <option name="m_regex" value="[A-Z][A-Za-z\d]*" />
        <option name="m_minLength" value="8" />
        <option name="m_maxLength" value="64" />
      </extension>
      <extension name="ClassNamingConvention" enabled="true" />
      <extension name="EnumeratedClassNamingConvention" enabled="true">
        <option name="inheritDefaultSettings" value="true" />
        <option name="m_regex" value="[A-Z][A-Za-z\d]*" />
        <option name="m_minLength" value="8" />
        <option name="m_maxLength" value="64" />
      </extension>
      <extension name="InterfaceNamingConvention" enabled="true">
        <option name="inheritDefaultSettings" value="false" />
        <option name="m_regex" value="I[A-Z][A-Za-z\d]*" />
        <option name="m_minLength" value="8" />
        <option name="m_maxLength" value="64" />
      </extension>
      <extension name="JUnitAbstractTestClassNamingConvention" enabled="true">
        <option name="m_regex" value="[A-Z][A-Za-z\d]*AbstractTest" />
        <option name="m_minLength" value="12" />
        <option name="m_maxLength" value="64" />
      </extension>
      <extension name="JUnitTestClassNamingConvention" enabled="true" />
      <extension name="TypeParameterNamingConvention" enabled="true" />
    </inspection_tool>
    <inspection_tool class="NewExceptionWithoutArguments" enabled="true" level="WARNING" enabled_by_default="true" />
    <inspection_tool class="NewMethodNamingConvention" enabled="true" level="WARNING" enabled_by_default="true">
      <extension name="InstanceMethodNamingConvention" enabled="true" />
      <extension name="JUnit3MethodNamingConvention" enabled="true" />
      <extension name="JUnit4MethodNamingConvention" enabled="true">
        <option name="m_regex" value="[a-z][A-Za-z_\d]*Test" />
        <option name="m_minLength" value="4" />
        <option name="m_maxLength" value="64" />
      </extension>
      <extension name="NativeMethodNamingConvention" enabled="true" />
      <extension name="StaticMethodNamingConvention" enabled="true" />
      <extension name="TestNGMethodNamingConvention" enabled="true" />
    </inspection_tool>
    <inspection_tool class="NoExplicitFinalizeCalls" enabled="true" level="ERROR" enabled_by_default="true" />
    <inspection_tool class="NonCommentSourceStatements" enabled="true" level="WARNING" enabled_by_default="true">
      <option name="m_limit" value="25" />
    </inspection_tool>
    <inspection_tool class="NonExceptionNameEndsWithException" enabled="true" level="ERROR" enabled_by_default="true" />
    <inspection_tool class="NonFinalFieldInEnum" enabled="true" level="ERROR" enabled_by_default="true" />
    <inspection_tool class="NonFinalFieldOfException" enabled="true" level="WARNING" enabled_by_default="true" />
    <inspection_tool class="NonFinalStaticVariableUsedInClassInitialization" enabled="true" level="WARNING" enabled_by_default="true" />
    <inspection_tool class="NonFinalUtilityClass" enabled="true" level="WARNING" enabled_by_default="true" />
    <inspection_tool class="NonProtectedConstructorInAbstractClass" enabled="true" level="WARNING" enabled_by_default="true">
      <option name="m_ignoreNonPublicClasses" value="false" />
    </inspection_tool>
    <inspection_tool class="NonStaticFinalLogger" enabled="true" level="WARNING" enabled_by_default="true">
      <option name="loggerClassName" value="" />
    </inspection_tool>
    <inspection_tool class="NonThreadSafeLazyInitialization" enabled="true" level="WARNING" enabled_by_default="true" />
    <inspection_tool class="NoopMethodInAbstractClass" enabled="true" level="WEAK WARNING" enabled_by_default="true" />
    <inspection_tool class="NullThrown" enabled="true" level="WARNING" enabled_by_default="true" />
    <inspection_tool class="OptionalAssignedToNull" enabled="true" level="ERROR" enabled_by_default="true" />
    <inspection_tool class="OptionalUsedAsFieldOrParameterType" enabled="false" level="WARNING" enabled_by_default="false" />
    <inspection_tool class="OverloadedMethodsWithSameNumberOfParameters" enabled="true" level="WEAK WARNING" enabled_by_default="true">
      <option name="ignoreInconvertibleTypes" value="true" />
    </inspection_tool>
    <inspection_tool class="OverloadedVarargsMethod" enabled="true" level="WARNING" enabled_by_default="true" />
    <inspection_tool class="OverlyLongLambda" enabled="true" level="WARNING" enabled_by_default="true">
      <option name="m_limit" value="25" />
    </inspection_tool>
    <inspection_tool class="OverlyStrongTypeCast" enabled="true" level="WARNING" enabled_by_default="true">
      <option name="ignoreInMatchingInstanceof" value="true" />
    </inspection_tool>
    <inspection_tool class="OverridableMethodCallDuringObjectConstruction" enabled="true" level="WARNING" enabled_by_default="true" />
    <inspection_tool class="OverriddenMethodCallDuringObjectConstruction" enabled="true" level="WARNING" enabled_by_default="true" />
    <inspection_tool class="PackageDotHtmlMayBePackageInfo" enabled="true" level="WEAK WARNING" enabled_by_default="true" />
    <inspection_tool class="PackageInfoWithoutPackage" enabled="true" level="WEAK WARNING" enabled_by_default="true" />
    <inspection_tool class="PackageNamingConvention" enabled="true" level="WARNING" enabled_by_default="true">
      <option name="m_regex" value="[a-z]*" />
      <option name="m_minLength" value="3" />
      <option name="m_maxLength" value="16" />
    </inspection_tool>
    <inspection_tool class="PackageVisibleField" enabled="true" level="WARNING" enabled_by_default="true" />
    <inspection_tool class="PackageVisibleInnerClass" enabled="true" level="WARNING" enabled_by_default="true">
      <option name="ignoreEnums" value="false" />
      <option name="ignoreInterfaces" value="false" />
    </inspection_tool>
    <inspection_tool class="ParameterNameDiffersFromOverriddenParameter" enabled="true" level="WARNING" enabled_by_default="true">
      <option name="m_ignoreSingleCharacterNames" value="false" />
      <option name="m_ignoreOverridesOfLibraryMethods" value="false" />
    </inspection_tool>
    <inspection_tool class="ParameterOfConcreteClass" enabled="true" level="WARNING" enabled_by_default="true">
      <option name="ignoreAbstractClasses" value="true" />
    </inspection_tool>
    <inspection_tool class="ParameterTypePreventsOverriding" enabled="true" level="WEAK WARNING" enabled_by_default="true" />
    <inspection_tool class="ParameterizedParametersStaticCollection" enabled="true" level="WARNING" enabled_by_default="true" />
    <inspection_tool class="ParametersPerConstructor" enabled="true" level="WARNING" enabled_by_default="true" />
    <inspection_tool class="PlaceholderCountMatchesArgumentCount" enabled="true" level="WARNING" enabled_by_default="true" />
    <inspection_tool class="PointlessIndexOfComparison" enabled="true" level="WEAK WARNING" enabled_by_default="true" />
    <inspection_tool class="ProblematicVarargsMethodOverride" enabled="true" level="ERROR" enabled_by_default="true" />
    <inspection_tool class="ProtectedField" enabled="true" level="WARNING" enabled_by_default="true" />
    <inspection_tool class="ProtectedMemberInFinalClass" enabled="true" level="ERROR" enabled_by_default="true" />
    <inspection_tool class="PublicField" enabled="true" level="WARNING" enabled_by_default="true">
      <option name="ignoreEnums" value="false" />
      <option name="ignorableAnnotations">
        <value />
      </option>
    </inspection_tool>
    <inspection_tool class="PublicMethodNotExposedInInterface" enabled="true" level="WARNING" enabled_by_default="true">
      <option name="ignorableAnnotations">
        <value />
      </option>
      <option name="onlyWarnIfContainingClassImplementsAnInterface" value="false" />
    </inspection_tool>
    <inspection_tool class="PublicMethodWithoutLogging" enabled="true" level="UNUSED ENTRY" enabled_by_default="true">
      <option name="loggerClassName" value="" />
    </inspection_tool>
    <inspection_tool class="QuestionableName" enabled="true" level="WARNING" enabled_by_default="true">
      <option name="nameString" value="aa,abc,bad,bar,bar2,baz,baz1,baz2,baz3,bb,blah,bogus,bool,cc,dd,defau1t,dummy,dummy2,ee,fa1se,ff,foo,foo1,foo2,foo3,foobar,four,fred,fred1,fred2,gg,hh,hello,hello1,hello2,hello3,ii,nu11,one,silly,silly2,string,two,that,then,three,whi1e,var" />
    </inspection_tool>
    <inspection_tool class="RandomDoubleForRandomInteger" enabled="true" level="WARNING" enabled_by_default="true" />
    <inspection_tool class="RawTypeCanBeGeneric" enabled="true" level="WARNING" enabled_by_default="true" />
    <inspection_tool class="RedundantFieldInitialization" enabled="true" level="WARNING" enabled_by_default="true" />
    <inspection_tool class="RedundantImplements" enabled="true" level="WARNING" enabled_by_default="true">
      <option name="ignoreSerializable" value="false" />
      <option name="ignoreCloneable" value="false" />
    </inspection_tool>
    <inspection_tool class="RedundantMethodOverride" enabled="true" level="WARNING" enabled_by_default="true" />
    <inspection_tool class="ReplaceAssignmentWithOperatorAssignment" enabled="true" level="WARNING" enabled_by_default="true">
      <option name="ignoreLazyOperators" value="true" />
      <option name="ignoreObscureOperators" value="true" />
    </inspection_tool>
    <inspection_tool class="ReturnOfInnerClass" enabled="true" level="WARNING" enabled_by_default="true" />
    <inspection_tool class="ReuseOfLocalVariable" enabled="true" level="WARNING" enabled_by_default="true" />
    <inspection_tool class="SetReplaceableByEnumSet" enabled="true" level="WARNING" enabled_by_default="true" />
    <inspection_tool class="SimplifiableAnnotation" enabled="true" level="WEAK WARNING" enabled_by_default="true" />
    <inspection_tool class="SimplifiableJUnitAssertion" enabled="true" level="WARNING" enabled_by_default="true" />
    <inspection_tool class="SingleElementAnnotation" enabled="false" level="INFORMATION" enabled_by_default="false" />
    <inspection_tool class="SizeReplaceableByIsEmpty" enabled="true" level="WARNING" enabled_by_default="true" />
    <inspection_tool class="SpellCheckingInspection" enabled="false" level="TYPO" enabled_by_default="false">
      <option name="processCode" value="true" />
      <option name="processLiterals" value="true" />
      <option name="processComments" value="true" />
    </inspection_tool>
    <inspection_tool class="StandardVariableNames" enabled="true" level="WARNING" enabled_by_default="true" />
    <inspection_tool class="StaticCollection" enabled="true" level="WARNING" enabled_by_default="true">
      <option name="m_ignoreWeakCollections" value="false" />
    </inspection_tool>
    <inspection_tool class="StaticInheritance" enabled="true" level="WEAK WARNING" enabled_by_default="true" />
    <inspection_tool class="StaticMethodOnlyUsedInOneClass" enabled="true" level="WARNING" enabled_by_default="true">
      <option name="ignoreTestClasses" value="true" />
    </inspection_tool>
    <inspection_tool class="StaticSuite" enabled="true" level="WARNING" enabled_by_default="true" />
    <inspection_tool class="StaticVariableInitialization" enabled="true" level="WARNING" enabled_by_default="true">
      <option name="m_ignorePrimitives" value="false" />
    </inspection_tool>
    <inspection_tool class="StaticVariableOfConcreteClass" enabled="true" level="WARNING" enabled_by_default="true" />
    <inspection_tool class="StaticVariableUninitializedUse" enabled="true" level="WARNING" enabled_by_default="true">
      <option name="m_ignorePrimitives" value="false" />
    </inspection_tool>
    <inspection_tool class="StreamToLoop" enabled="false" level="INFORMATION" enabled_by_default="false" />
    <inspection_tool class="StringBufferReplaceableByString" enabled="false" level="WARNING" enabled_by_default="false" />
    <inspection_tool class="StringBufferToStringInConcatenation" enabled="true" level="WARNING" enabled_by_default="true" />
    <inspection_tool class="StringEqualsEmptyString" enabled="true" level="WARNING" enabled_by_default="true" />
    <inspection_tool class="StringReplaceableByStringBuffer" enabled="true" level="WARNING" enabled_by_default="true">
      <option name="onlyWarnOnLoop" value="true" />
    </inspection_tool>
    <inspection_tool class="SuperTearDownInFinally" enabled="true" level="WARNING" enabled_by_default="true" />
    <inspection_tool class="SwitchStatementWithTooFewBranches" enabled="true" level="WARNING" enabled_by_default="true">
      <option name="m_limit" value="2" />
    </inspection_tool>
    <inspection_tool class="SwitchStatementWithTooManyBranches" enabled="true" level="WARNING" enabled_by_default="true">
      <option name="m_limit" value="10" />
    </inspection_tool>
    <inspection_tool class="SwitchStatementsWithoutDefault" enabled="true" level="WARNING" enabled_by_default="true">
      <option name="m_ignoreFullyCoveredEnums" value="true" />
    </inspection_tool>
    <inspection_tool class="SystemGC" enabled="true" level="WARNING" enabled_by_default="true" />
    <inspection_tool class="SystemOutErr" enabled="true" level="WEAK WARNING" enabled_by_default="true" />
    <inspection_tool class="TestCaseInProductCode" enabled="true" level="WARNING" enabled_by_default="true" />
    <inspection_tool class="TestCaseWithConstructor" enabled="true" level="WARNING" enabled_by_default="true" />
    <inspection_tool class="TestCaseWithNoTestMethods" enabled="true" level="WARNING" enabled_by_default="true">
      <option name="ignoreSupers" value="true" />
    </inspection_tool>
    <inspection_tool class="TestMethodInProductCode" enabled="true" level="WARNING" enabled_by_default="true" />
    <inspection_tool class="TestMethodIsPublicVoidNoArg" enabled="true" level="WARNING" enabled_by_default="true" />
    <inspection_tool class="TestMethodWithoutAssertion" enabled="true" level="WARNING" enabled_by_default="true">
      <option name="assertionMethods" value="org.junit.Assert,assert.*|fail.*,junit.framework.Assert,assert.*|fail.*,org.junit.jupiter.api.Assertions,assert.*|fail.*,org.assertj.core.api.Assertions,assertThat,com.google.common.truth.Truth,assert.*,com.google.common.truth.Truth8,assert.*,org.mockito.Mockito,verify.*,org.mockito.InOrder,verify,org.junit.rules.ExpectedException,expect.*,org.hamcrest.MatcherAssert,assertThat" />
      <option name="assertKeywordIsAssertion" value="false" />
    </inspection_tool>
    <inspection_tool class="TestOnlyProblems" enabled="true" level="ERROR" enabled_by_default="true" />
    <inspection_tool class="ThisEscapedInConstructor" enabled="true" level="WARNING" enabled_by_default="true" />
    <inspection_tool class="ThreadDeathRethrown" enabled="true" level="WARNING" enabled_by_default="true" />
    <inspection_tool class="ThreadDumpStack" enabled="true" level="WEAK WARNING" enabled_by_default="true" />
    <inspection_tool class="ThreeNegationsPerMethod" enabled="true" level="WARNING" enabled_by_default="true">
      <option name="m_ignoreInEquals" value="true" />
      <option name="ignoreInAssert" value="false" />
    </inspection_tool>
    <inspection_tool class="ThrowCaughtLocally" enabled="true" level="WARNING" enabled_by_default="true">
      <option name="ignoreRethrownExceptions" value="true" />
    </inspection_tool>
    <inspection_tool class="ThrowablePrintStackTrace" enabled="true" level="WEAK WARNING" enabled_by_default="true" />
    <inspection_tool class="ThrowablePrintedToSystemOut" enabled="true" level="WEAK WARNING" enabled_by_default="true" />
    <inspection_tool class="ThrownExceptionsPerMethod" enabled="true" level="WARNING" enabled_by_default="true">
      <option name="m_limit" value="3" />
    </inspection_tool>
    <inspection_tool class="ThrowsRuntimeException" enabled="true" level="WARNING" enabled_by_default="true" />
    <inspection_tool class="ToArrayCallWithZeroLengthArrayArgument" enabled="true" level="WARNING" enabled_by_default="true" />
    <inspection_tool class="TooBroadCatch" enabled="true" level="WARNING" enabled_by_default="true" />
    <inspection_tool class="TooBroadScope" enabled="true" level="WEAK WARNING" enabled_by_default="true">
      <option name="m_allowConstructorAsInitializer" value="false" />
      <option name="m_onlyLookAtBlocks" value="false" />
    </inspection_tool>
    <inspection_tool class="TooBroadThrows" enabled="true" level="WARNING" enabled_by_default="true" />
    <inspection_tool class="TryStatementWithMultipleResources" enabled="true" level="WARNING" enabled_by_default="true" />
    <inspection_tool class="TypeMayBeWeakened" enabled="true" level="WARNING" enabled_by_default="true">
      <option name="useRighthandTypeAsWeakestTypeInAssignments" value="true" />
      <option name="useParameterizedTypeForCollectionMethods" value="true" />
      <option name="doNotWeakenToJavaLangObject" value="true" />
      <option name="onlyWeakentoInterface" value="true" />
    </inspection_tool>
    <inspection_tool class="TypeParameterExtendsFinalClass" enabled="true" level="WARNING" enabled_by_default="true" />
    <inspection_tool class="UncheckedExceptionClass" enabled="true" level="WARNING" enabled_by_default="true" />
    <inspection_tool class="UnconstructableTestCase" enabled="true" level="WARNING" enabled_by_default="true" />
    <inspection_tool class="UnnecessaryBlockStatement" enabled="true" level="UNUSED ENTRY" enabled_by_default="true">
      <option name="ignoreSwitchBranches" value="false" />
    </inspection_tool>
    <inspection_tool class="UnnecessaryConstantArrayCreationExpression" enabled="true" level="WARNING" enabled_by_default="true" />
    <inspection_tool class="UnnecessaryConstructor" enabled="true" level="WARNING" enabled_by_default="true" />
    <inspection_tool class="UnnecessaryInheritDoc" enabled="true" level="WEAK WARNING" enabled_by_default="true" />
    <inspection_tool class="UnnecessaryJavaDocLink" enabled="true" level="WEAK WARNING" enabled_by_default="true">
      <option name="ignoreInlineLinkToSuper" value="false" />
    </inspection_tool>
    <inspection_tool class="UnusedCatchParameter" enabled="true" level="WARNING" enabled_by_default="true">
      <option name="m_ignoreCatchBlocksWithComments" value="false" />
      <option name="m_ignoreTestCases" value="false" />
    </inspection_tool>
    <inspection_tool class="UpperCaseFieldNameNotConstant" enabled="true" level="ERROR" enabled_by_default="true" />
    <inspection_tool class="UseOfAnotherObjectsPrivateField" enabled="true" level="WARNING" enabled_by_default="true">
      <option name="ignoreSameClass" value="false" />
      <option name="ignoreEquals" value="false" />
    </inspection_tool>
    <inspection_tool class="UseOfClone" enabled="true" level="WARNING" enabled_by_default="true" />
    <inspection_tool class="UseOfObsoleteAssert" enabled="true" level="WARNING" enabled_by_default="true" />
    <inspection_tool class="UtilityClassWithPublicConstructor" enabled="true" level="WARNING" enabled_by_default="true" />
    <inspection_tool class="UtilityClassWithoutPrivateConstructor" enabled="true" level="WARNING" enabled_by_default="true">
      <option name="ignorableAnnotations">
        <value />
      </option>
      <option name="ignoreClassesWithOnlyMain" value="false" />
    </inspection_tool>
    <inspection_tool class="ZeroLengthArrayInitialization" enabled="true" level="WARNING" enabled_by_default="true" />
  </profile>
</component>