{
  "type": "recipe",
  "additional-output": [
    {
      "item": "minecolonies:sifter_mesh_iron"
    },
    {
      "item": "minecraft:wheat_seeds"
    },
    {
      "item": "minecraft:oak_sapling"
    },
    {
      "item": "minecraft:birch_sapling"
    },
    {
      "item": "minecraft:spruce_sapling"
    },
    {
      "item": "minecraft:jungle_sapling"
    },
    {
      "item": "minecraft:carrot"
    },
    {
      "item": "minecraft:potato"
    },
    {
      "item": "minecraft:pumpkin_seeds"
    },
    {
      "item": "minecraft:melon_seeds"
    },
    {
      "item": "minecraft:beetroot_seeds"
    },
    {
      "item": "minecraft:dark_oak_sapling"
    },
    {
      "item": "minecraft:acacia_sapling"
    }
  ],
  "crafter": "sifter_custom",
  "inputs": [
    {
      "item": "minecraft:dirt"
    },
    {
      "item": "minecolonies:sifter_mesh_iron"
    }
  ],
  "intermediate": "minecraft:air",
  "loot-table": "minecolonies:recipes/iron/dirt",
  "min-building-level": 4
}