{
  "max-occurrences": 1,
  "name": "minecolonies.quests.tutorial.military.guards2",
  "objectives": [
    {
      "type": "minecolonies:dialogue",
      "options": [
        {
          "answer": "minecolonies.quests.tutorial.military.guards2.obj0.answer0",
          "result": {
            "type": "minecolonies:dialogue",
            "options": [
              {
                "answer": "minecolonies.quests.tutorial.military.guards2.obj0.answer0.reply.answer0",
                "result": {
                  "type": "minecolonies:advanceobjective",
                  "go-to": 1
                }
              }
            ],
            "text": "minecolonies.quests.tutorial.military.guards2.obj0.answer0.reply"
          }
        },
        {
          "answer": "minecolonies.quests.tutorial.military.guards2.obj0.answer1",
          "result": {
            "type": "minecolonies:return"
          }
        }
      ],
      "target": 0,
      "text": "minecolonies.quests.tutorial.military.guards2.obj0"
    },
    {
      "type": "minecolonies:buildbuilding",
      "details": {
        "type": "minecolonies:guardtower",
        "count-existing": true,
        "lvl": 10,
        "next-objective": 3,
        "qty": 0,
        "target": 0
      }
    },
    {
      "type": "minecolonies:dialogue",
      "options": [
        {
          "answer": "minecolonies.quests.tutorial.military.guards2.obj2.answer0",
          "result": {
            "type": "minecolonies:advanceobjective",
            "go-to": 5
          }
        }
      ],
      "target": 0,
      "text": "minecolonies.quests.tutorial.military.guards2.obj2",
      "unlocks-rewards": [
        0,
        1,
        2,
        3
      ]
    }
  ],
  "parents": [
    "minecolonies:tutorial/military/guards",
    "minecolonies:tutorial/builder2"
  ],
  "rewards": [
    {
      "type": "minecolonies:item",
      "details": {
        "item": "minecraft:chainmail_helmet",
        "qty": 1
      }
    },
    {
      "type": "minecolonies:item",
      "details": {
        "item": "minecraft:chainmail_chestplate",
        "qty": 1
      }
    },
    {
      "type": "minecolonies:item",
      "details": {
        "item": "minecraft:chainmail_leggings",
        "qty": 1
      }
    },
    {
      "type": "minecolonies:item",
      "details": {
        "item": "minecraft:chainmail_boots",
        "qty": 1
      }
    }
  ],
  "triggerOrder": "1 || 2",
  "triggers": [
    {
      "type": "minecolonies:citizen",
      "state": {
        "notmatch": {
          "finavquests": [
            "minecolonies:tutorial/military/guards"
          ]
        }
      }
    },
    {
      "type": "minecolonies:citizen",
      "state": {}
    }
  ]
}