{
  "max-occurrences": 1,
  "name": "minecolonies.quests.tutorial.military.torches",
  "objectives": [
    {
      "type": "minecolonies:dialogue",
      "options": [
        {
          "answer": "minecolonies.quests.tutorial.military.torches.obj0.answer0",
          "result": {
            "type": "minecolonies:advanceobjective",
            "go-to": 1
          }
        },
        {
          "answer": "minecolonies.quests.tutorial.military.torches.obj0.answer1",
          "result": {
            "type": "minecolonies:return"
          }
        }
      ],
      "target": 0,
      "text": "minecolonies.quests.tutorial.military.torches.obj0"
    },
    {
      "type": "minecolonies:placeblock",
      "details": {
        "block": "minecraft:torch",
        "next-objective": 2,
        "qty": 16,
        "target": 0
      },
      "unlocks-rewards": [
        0,
        1
      ]
    },
    {
      "type": "minecolonies:dialogue",
      "options": [
        {
          "answer": "minecolonies.quests.tutorial.military.torches.obj2.answer0",
          "result": {
            "type": "minecolonies:advanceobjective",
            "go-to": 5
          }
        }
      ],
      "target": 0,
      "text": "minecolonies.quests.tutorial.military.torches.obj2"
    }
  ],
  "parents": [
    "minecolonies:tutorial/forester"
  ],
  "rewards": [
    {
      "type": "minecolonies:item",
      "details": {
        "item": "minecraft:iron_sword",
        "qty": 1
      }
    },
    {
      "type": "minecolonies:item",
      "details": {
        "item": "minecraft:bow",
        "qty": 1
      }
    }
  ],
  "triggers": [
    {
      "type": "minecolonies:citizen",
      "state": {}
    }
  ]
}