{
  "max-occurrences": 1,
  "name": "minecolonies.quests.romance.aromanticgesture",
  "objectives": [
    {
      "type": "minecolonies:dialogue",
      "options": [
        {
          "answer": "minecolonies.quests.romance.aromanticgesture.obj0.answer0",
          "result": {
            "type": "minecolonies:dialogue",
            "options": [
              {
                "answer": "minecolonies.quests.romance.aromanticgesture.obj0.answer0.reply.answer0",
                "result": {
                  "type": "minecolonies:advanceobjective",
                  "go-to": 1
                }
              },
              {
                "answer": "minecolonies.quests.romance.aromanticgesture.obj0.answer0.reply.answer1",
                "result": {
                  "type": "minecolonies:dialogue",
                  "options": [
                    {
                      "answer": "minecolonies.quests.romance.aromanticgesture.obj0.answer0.reply.answer1.reply.answer0",
                      "result": {
                        "type": "minecolonies:cancel"
                      }
                    }
                  ],
                  "text": "minecolonies.quests.romance.aromanticgesture.obj0.answer0.reply.answer1.reply"
                }
              }
            ],
            "text": "minecolonies.quests.romance.aromanticgesture.obj0.answer0.reply"
          }
        },
        {
          "answer": "minecolonies.quests.romance.aromanticgesture.obj0.answer1",
          "result": {
            "type": "minecolonies:return"
          }
        }
      ],
      "target": 0,
      "text": "minecolonies.quests.romance.aromanticgesture.obj0"
    },
    {
      "type": "minecolonies:delivery",
      "details": {
        "item": "minecraft:poppy",
        "next-objective": 2,
        "qty": 1,
        "target": 1
      }
    },
    {
      "type": "minecolonies:dialogue",
      "options": [
        {
          "answer": "minecolonies.quests.romance.aromanticgesture.obj2.answer0",
          "result": {
            "type": "minecolonies:dialogue",
            "options": [
              {
                "answer": "minecolonies.quests.romance.aromanticgesture.obj2.answer0.reply.answer0",
                "result": {
                  "type": "minecolonies:advanceobjective",
                  "go-to": 3
                }
              }
            ],
            "text": "minecolonies.quests.romance.aromanticgesture.obj2.answer0.reply"
          }
        }
      ],
      "target": 1,
      "text": "minecolonies.quests.romance.aromanticgesture.obj2",
      "unlocks-rewards": [
        0,
        1,
        2
      ]
    }
  ],
  "parents": [],
  "rewards": [
    {
      "type": "minecolonies:item",
      "details": {
        "item": "minecraft:diamond",
        "qty": 1
      }
    },
    {
      "type": "minecolonies:happiness",
      "details": {
        "days": 7,
        "qty": 2,
        "target": 0
      }
    },
    {
      "type": "minecolonies:happiness",
      "details": {
        "days": 7,
        "qty": 2,
        "target": 1
      }
    }
  ],
  "triggers": [
    {
      "type": "minecolonies:random",
      "rarity": 10000000
    },
    {
      "type": "minecolonies:citizen",
      "state": {
        "match": {
          "job": {
            "type": "minecolonies:deliveryman"
          }
        }
      }
    },
    {
      "type": "minecolonies:citizen",
      "state": {
        "match": {
          "job": {
            "type": "minecolonies:baker"
          }
        }
      }
    }
  ]
}