{
  "parent": "minecolonies:military/army_8",
  "criteria": {
    "population_5": {
      "conditions": {
        "population_count": 30
      },
      "trigger": "minecolonies:army_population"
    }
  },
  "display": {
    "announce_to_chat": true,
    "description": {
      "translate": "advancements.minecolonies.army_30.description"
    },
    "frame": "task",
    "hidden": false,
    "icon": {
      "item": "minecraft:iron_sword",
      "nbt": "{Damage:0}"
    },
    "show_toast": true,
    "title": {
      "translate": "advancements.minecolonies.army_30.title"
    }
  },
  "requirements": [
    [
      "population_5"
    ]
  ],
  "sends_telemetry_event": true
}