{
  "parent": "minecolonies:military/build_barracks",
  "criteria": {
    "barracks_tower": {
      "conditions": {
        "hut_name": "barrackstower",
        "level": 1
      },
      "trigger": "minecolonies:complete_build_request"
    }
  },
  "display": {
    "announce_to_chat": true,
    "description": {
      "translate": "advancements.minecolonies.build.barracks_tower.description"
    },
    "frame": "task",
    "hidden": false,
    "icon": {
      "item": "minecolonies:blockhutbarrackstower"
    },
    "show_toast": true,
    "title": {
      "translate": "advancements.minecolonies.build.barracks_tower.title"
    }
  },
  "requirements": [
    [
      "barracks_tower"
    ]
  ],
  "sends_telemetry_event": true
}