{
  "parent": "minecolonies:military/root",
  "criteria": {
    "barracks": {
      "conditions": {
        "hut_name": "barracks",
        "level": 1
      },
      "trigger": "minecolonies:complete_build_request"
    }
  },
  "display": {
    "announce_to_chat": true,
    "description": {
      "translate": "advancements.minecolonies.build.barracks.description"
    },
    "frame": "task",
    "hidden": false,
    "icon": {
      "item": "minecolonies:blockhutbarracks"
    },
    "show_toast": true,
    "title": {
      "translate": "advancements.minecolonies.build.barracks.title"
    }
  },
  "requirements": [
    [
      "barracks"
    ]
  ],
  "sends_telemetry_event": true
}