{
  "parent": "minecolonies:military/root",
  "criteria": {
    "archery": {
      "conditions": {
        "hut_name": "archery",
        "level": 1
      },
      "trigger": "minecolonies:complete_build_request"
    }
  },
  "display": {
    "announce_to_chat": true,
    "description": {
      "translate": "advancements.minecolonies.build.archery.description"
    },
    "frame": "task",
    "hidden": false,
    "icon": {
      "item": "minecolonies:blockhutarchery"
    },
    "show_toast": true,
    "title": {
      "translate": "advancements.minecolonies.build.archery.title"
    }
  },
  "requirements": [
    [
      "archery"
    ]
  ],
  "sends_telemetry_event": true
}