{
  "parent": "minecolonies:military/root",
  "criteria": {
    "combat_academy": {
      "conditions": {
        "hut_name": "combatacademy",
        "level": 1
      },
      "trigger": "minecolonies:complete_build_request"
    }
  },
  "display": {
    "announce_to_chat": true,
    "description": {
      "translate": "advancements.minecolonies.build.combat_academy.description"
    },
    "frame": "task",
    "hidden": false,
    "icon": {
      "item": "minecolonies:blockhutcombatacademy"
    },
    "show_toast": true,
    "title": {
      "translate": "advancements.minecolonies.build.combat_academy.title"
    }
  },
  "requirements": [
    [
      "combat_academy"
    ]
  ],
  "sends_telemetry_event": true
}