{
  "parent": "minecolonies:military/build_barracks_tower",
  "criteria": {
    "towers": {
      "conditions": {},
      "trigger": "minecolonies:all_barracks_towers"
    }
  },
  "display": {
    "announce_to_chat": true,
    "description": {
      "translate": "advancements.minecolonies.build.all_towers.description"
    },
    "frame": "goal",
    "hidden": false,
    "icon": {
      "item": "minecolonies:blockhutbarrackstower"
    },
    "show_toast": true,
    "title": {
      "translate": "advancements.minecolonies.build.all_towers.title"
    }
  },
  "requirements": [
    [
      "towers"
    ]
  ],
  "sends_telemetry_event": true
}