{
  "criteria": {
    "guardtower": {
      "conditions": {
        "hut_name": "guardtower",
        "level": 1
      },
      "trigger": "minecolonies:complete_build_request"
    }
  },
  "display": {
    "announce_to_chat": false,
    "background": "minecraft:textures/block/stone_bricks.png",
    "description": {
      "translate": "advancements.minecolonies.root.military.description"
    },
    "frame": "task",
    "hidden": false,
    "icon": {
      "item": "minecolonies:blockhutbarracks"
    },
    "show_toast": true,
    "title": {
      "translate": "advancements.minecolonies.root.military.title"
    }
  },
  "requirements": [
    [
      "guardtower"
    ]
  ],
  "sends_telemetry_event": true
}