{
  "type": "recipe",
  "additional-output": [
    {
      "item": "minecolonies:sifter_mesh_string"
    },
    {
      "item": "minecraft:wheat_seeds"
    },
    {
      "item": "minecraft:oak_sapling"
    },
    {
      "item": "minecraft:birch_sapling"
    },
    {
      "item": "minecraft:spruce_sapling"
    },
    {
      "item": "minecraft:jungle_sapling"
    }
  ],
  "crafter": "sifter_custom",
  "inputs": [
    {
      "item": "minecraft:dirt"
    },
    {
      "item": "minecolonies:sifter_mesh_string"
    }
  ],
  "intermediate": "minecraft:air",
  "loot-table": "minecolonies:recipes/string/dirt",
  "min-building-level": 1
}