{
  "max-occurrences": 20,
  "name": "minecolonies.quests.template.questtemplate",
  "objectives": [
    {
      "type": "minecolonies:dialogue",
      "options": [
        {
          "answer": "minecolonies.quests.template.questtemplate.obj0.answer0",
          "result": {
            "type": "minecolonies:dialogue",
            "options": [
              {
                "answer": "minecolonies.quests.template.questtemplate.obj0.answer0.reply.answer0",
                "result": {
                  "type": "minecolonies:advanceobjective",
                  "go-to": 1
                }
              },
              {
                "answer": "minecolonies.quests.template.questtemplate.obj0.answer0.reply.answer1",
                "result": {
                  "type": "minecolonies:return"
                }
              },
              {
                "answer": "minecolonies.quests.template.questtemplate.obj0.answer0.reply.answer2",
                "result": {
                  "type": "minecolonies:cancel"
                }
              },
              {
                "answer": "minecolonies.quests.template.questtemplate.obj0.answer0.reply.answer3",
                "result": {
                  "type": "minecolonies:dialogue",
                  "options": [
                    {
                      "answer": "minecolonies.quests.template.questtemplate.obj0.answer0.reply.answer3.reply.answer0",
                      "result": {
                        "type": "minecolonies:advanceobjective",
                        "go-to": 2
                      }
                    }
                  ],
                  "text": "minecolonies.quests.template.questtemplate.obj0.answer0.reply.answer3.reply"
                }
              }
            ],
            "text": "minecolonies.quests.template.questtemplate.obj0.answer0.reply"
          }
        },
        {
          "answer": "minecolonies.quests.template.questtemplate.obj0.answer1",
          "result": {
            "type": "minecolonies:return"
          }
        }
      ],
      "target": 0,
      "text": "minecolonies.quests.template.questtemplate.obj0"
    },
    {
      "type": "minecolonies:delivery",
      "details": {
        "item": "minecraft:apple",
        "next-objective": 3,
        "qty": 1,
        "target": 0
      }
    },
    {
      "type": "minecolonies:delivery",
      "details": {
        "item": "minecraft:baked_potato",
        "next-objective": 3,
        "qty": 1,
        "target": 0
      }
    },
    {
      "type": "minecolonies:breakblock",
      "details": {
        "block": "minecraft:dirt",
        "next-objective": 4,
        "qty": 10,
        "target": 0
      }
    },
    {
      "type": "minecolonies:placeblock",
      "details": {
        "block": "minecraft:dirt",
        "next-objective": 5,
        "qty": 10,
        "target": 0
      },
      "unlocks-rewards": [
        0,
        1,
        2,
        3,
        4,
        5
      ]
    },
    {
      "type": "minecolonies:killentity",
      "details": {
        "entity-type": "minecraft:skeleton",
        "next-objective": 6,
        "qty": 10,
        "target": 0
      }
    },
    {
      "type": "minecolonies:buildbuilding",
      "details": {
        "type": "minecolonies:builder",
        "count-existing": false,
        "lvl": 3,
        "qty": 1,
        "target": 0
      }
    }
  ],
  "parents": [],
  "rewards": [
    {
      "type": "minecolonies:item",
      "details": {
        "item": "minecraft:gold_ingot",
        "qty": 1
      }
    },
    {
      "type": "minecolonies:skill",
      "details": {
        "qty": 1,
        "skill": "Strength",
        "target": 0
      }
    },
    {
      "type": "minecolonies:research",
      "details": {
        "id": "this"
      }
    },
    {
      "type": "minecolonies:raid",
      "details": {
        "change": -1
      }
    },
    {
      "type": "minecolonies:relationship",
      "details": {
        "type": "couple",
        "target1": 0,
        "target2": 1
      }
    },
    {
      "type": "minecolonies:happiness",
      "details": {
        "days": 7,
        "qty": 1,
        "target": 0
      }
    },
    {
      "type": "minecolonies:questreputation",
      "details": {
        "qty": 0.5
      }
    },
    {
      "type": "minecolonies:unlockquest",
      "details": {
        "id": "minecolonies:questtemplate"
      }
    }
  ],
  "triggerOrder": "6 && ((1 && 4) || (2 && 4 && 1) || (1 && 3 && 4)) && 5",
  "triggers": [
    {
      "type": "minecolonies:random",
      "rarity": 0
    },
    {
      "type": "minecolonies:state",
      "state": {
        "match": {
          "type": "minecolonies:townhall",
          "level": 3
        },
        "path": "buildingManager/buildings"
      }
    },
    {
      "type": "minecolonies:state",
      "state": {
        "count": 3,
        "match": {
          "type": "minecolonies:guardtower",
          "level": 3
        },
        "path": "buildingManager/buildings"
      }
    },
    {
      "type": "minecolonies:citizen",
      "state": {
        "match": {
          "female": true,
          "job": {
            "type": "minecolonies:knight"
          }
        }
      }
    },
    {
      "type": "minecolonies:questreputation",
      "qty": 0.5
    },
    {
      "type": "minecolonies:unlock"
    }
  ]
}